ID;Bloque de almacén;Modo de envío;Llamadas de atención al cliente;Valoración del cliente;Costo del producto;Compras anteriores;Importancia del producto;Género;Descuento ofrecido;Peso en gramos;Llegado a tiempo
3198;F;Ship;4;5;296;2;medium;M;1;1678;0
3199;D;Ship;3;2;249;5;medium;F;6;1887;0
3200;F;Ship;4;4;301;5;low;M;6;1931;0
3201;A;Ship;4;3;296;3;low;M;4;1991;0
3202;B;Ship;3;5;205;4;low;M;2;1648;0
3203;C;Ship;3;3;132;2;low;F;9;4355;1
3204;F;Ship;4;2;223;3;high;M;5;4282;0
3205;D;Ship;3;1;190;3;medium;F;2;4312;0
3206;F;Ship;5;3;194;3;low;F;1;4331;0
3207;A;Ship;2;4;176;2;medium;F;2;5138;0
3208;B;Ship;6;4;227;5;medium;F;8;4388;0
3209;C;Ship;5;1;149;2;low;M;9;5435;0
3210;F;Ship;5;2;173;2;low;M;7;5836;0
3211;D;Ship;3;2;181;2;low;F;6;5410;0
3212;F;Ship;3;5;251;2;low;M;4;4015;0
3213;A;Ship;4;5;243;3;low;F;2;4909;0
3214;B;Ship;3;4;210;3;low;M;10;4398;1
3215;C;Ship;5;2;145;4;medium;F;9;4028;0
3216;F;Ship;3;1;196;3;low;M;10;4546;0
3217;D;Ship;3;4;154;2;medium;M;5;5735;1
3218;F;Ship;4;1;164;4;low;M;6;4432;1
3219;A;Ship;4;2;210;3;medium;F;1;4379;1
3220;B;Ship;5;3;212;2;low;F;7;5219;0
3221;C;Ship;3;1;263;2;medium;M;9;4868;1
3222;F;Ship;3;4;155;2;low;M;3;5481;1
3223;D;Ship;3;4;223;2;low;M;9;4211;0
3224;F;Ship;5;4;269;3;low;F;3;4489;0
3225;A;Ship;3;4;117;3;low;F;6;4046;0
3226;B;Ship;4;4;151;2;low;M;3;4105;1
3227;C;Ship;4;2;271;3;medium;M;4;4743;1
3228;F;Ship;3;3;205;3;low;M;10;5714;0
3229;D;Ship;5;3;210;5;medium;M;9;5431;1
3230;F;Ship;4;1;133;2;medium;M;8;4277;0
3231;A;Ship;5;2;215;6;medium;F;5;5195;1
3232;B;Ship;2;3;140;3;low;F;2;4691;0
3233;C;Ship;3;3;255;2;low;M;8;5955;1
3234;F;Ship;2;5;159;3;low;M;5;4190;0
3235;D;Ship;5;3;169;2;low;M;8;5352;1
3236;F;Ship;5;4;182;2;medium;M;2;4554;1
3237;A;Ship;2;5;231;2;low;F;10;4406;1
3238;B;Ship;3;4;177;3;low;F;6;4445;0
3239;C;Ship;4;3;250;3;medium;F;3;5055;1
3240;F;Ship;4;2;145;3;medium;F;4;5122;1
3241;D;Ship;2;5;117;3;high;F;2;4268;1
3242;F;Ship;3;4;170;3;low;M;5;4716;1
3243;A;Ship;4;4;173;3;high;F;9;5382;1
3244;B;Ship;4;2;232;3;medium;M;8;4658;1
3245;C;Ship;3;2;231;4;medium;M;4;5510;0
3246;F;Ship;3;4;136;3;medium;M;2;4524;1
3247;D;Ship;4;1;189;3;medium;M;5;4496;1
3248;F;Ship;5;4;222;3;low;M;7;5340;0
3249;A;Ship;4;3;148;3;high;F;7;5034;1
3250;B;Ship;5;2;265;2;medium;F;7;5464;1
3251;C;Ship;4;1;181;2;low;F;3;5877;0
3252;F;Ship;6;5;189;2;high;M;4;5898;1
3253;D;Ship;3;2;160;3;medium;F;6;4808;1
3254;F;Ship;3;3;235;3;medium;F;10;4186;0
3255;A;Ship;3;4;100;3;medium;M;4;4191;0
3256;B;Ship;5;5;135;4;medium;F;7;5765;1
3257;C;Ship;5;2;137;3;low;M;6;4883;0
3258;F;Ship;4;2;222;3;high;F;9;5337;0
3259;D;Ship;5;1;246;3;medium;F;10;4078;1
3260;F;Ship;3;3;202;3;medium;F;8;5486;1
3261;A;Ship;4;5;273;3;low;F;1;5043;1
3262;B;Road;5;1;248;2;low;F;9;5881;1
3263;C;Road;4;4;199;4;medium;F;5;4194;0
3264;F;Road;4;3;209;3;medium;M;7;4104;1
3265;D;Road;4;5;216;2;low;M;2;4905;0
3266;F;Road;4;2;227;3;low;M;2;4318;1
3267;A;Road;3;1;216;4;medium;F;4;4416;0
3268;B;Road;2;3;242;2;medium;F;1;5892;1
3269;C;Road;5;4;217;3;medium;F;8;4949;1
3270;F;Road;2;2;160;3;medium;F;9;4613;0
3271;D;Road;5;3;141;2;medium;M;4;5257;0
3272;F;Road;5;4;263;2;medium;F;5;4595;0
3273;A;Road;5;4;171;4;low;M;7;5359;1
3274;B;Road;3;5;195;2;low;F;4;4864;0
3275;C;Road;3;5;237;3;low;M;4;5561;1
3276;F;Road;2;5;241;4;low;F;4;5693;1
3277;D;Road;3;4;134;3;medium;F;9;4230;1
3278;F;Road;5;5;156;3;low;F;5;5398;1
3279;A;Road;3;4;211;2;low;M;6;6000;0
3280;B;Road;3;2;243;2;low;F;5;4769;0
3281;C;Road;4;3;196;2;medium;F;7;4116;1
3282;F;Road;3;3;242;2;medium;F;7;4960;0
3283;D;Road;3;4;175;3;low;F;3;4449;0
3284;F;Flight;2;2;155;3;low;M;1;5154;0
3285;A;Flight;4;1;200;2;low;F;9;4808;1
3286;B;Flight;3;3;191;3;low;M;4;4586;0
3287;C;Flight;4;5;221;3;low;F;6;5895;0
3288;F;Flight;3;1;135;3;low;M;9;4511;0
3289;D;Flight;3;2;152;4;medium;F;7;5943;1
3290;F;Flight;2;5;172;2;low;M;7;4649;0
3291;A;Flight;5;2;253;2;high;F;2;5643;1
3292;B;Flight;5;1;270;2;high;M;10;5360;0
3293;C;Flight;2;4;139;4;high;M;3;5041;0
3294;F;Flight;5;2;257;4;medium;M;9;5088;0
3295;D;Flight;4;1;155;3;low;F;5;4283;1
3296;F;Flight;3;5;125;2;low;M;5;4933;1
3297;A;Flight;5;4;233;2;low;F;7;4597;1
3298;B;Flight;3;3;205;2;medium;M;6;4989;1
3299;C;Flight;5;4;243;3;medium;M;4;4420;1
3300;F;Flight;4;4;208;3;low;F;10;4919;0
3301;D;Flight;3;1;230;3;medium;F;6;4392;0
3302;F;Flight;4;5;205;3;medium;M;5;4949;1
3303;A;Flight;3;4;170;2;low;F;2;5664;0
3304;B;Flight;4;2;222;2;medium;M;5;4268;0
3305;C;Flight;5;4;186;2;low;M;3;4213;0
3306;F;Ship;5;1;208;2;low;F;8;5218;0
3307;D;Ship;4;3;223;3;medium;F;9;5897;0
3308;F;Ship;5;3;154;2;medium;M;8;4006;0
3309;A;Ship;5;3;235;4;medium;F;10;4011;0
3310;B;Ship;4;3;271;3;medium;M;1;4137;0
3311;C;Ship;4;5;250;3;low;F;2;5206;0
3312;F;Ship;4;2;206;2;medium;M;4;5159;0
3313;D;Ship;3;1;153;3;low;M;10;5121;1
3314;F;Ship;4;4;212;2;medium;F;6;4117;1
3315;A;Ship;6;4;168;2;high;M;6;5686;0
3316;B;Ship;3;1;171;2;low;M;10;5379;1
3317;C;Ship;3;5;132;2;low;M;10;4462;1
3318;F;Ship;5;3;141;3;low;M;9;4857;0
3319;D;Ship;3;2;254;2;low;M;1;4334;0
3320;F;Ship;4;4;159;2;medium;F;6;5221;0
3321;A;Ship;2;4;194;2;low;F;4;4803;1
3322;B;Ship;4;3;178;6;low;M;6;4203;0
3323;C;Ship;3;4;151;3;low;M;2;5712;1
3324;F;Ship;5;1;244;2;low;F;5;4125;1
3325;D;Ship;3;2;237;3;low;M;8;5287;1
3326;F;Ship;3;1;241;3;medium;M;9;5184;0
3327;A;Ship;4;2;156;3;low;M;3;5923;0
3328;B;Ship;4;3;243;3;medium;M;1;5021;0
3329;C;Ship;5;5;219;2;medium;M;4;4289;0
3330;F;Ship;4;5;168;2;high;M;2;5776;0
3331;D;Ship;6;3;224;6;high;M;8;5661;0
3332;F;Ship;4;4;216;2;medium;M;2;5840;1
3333;A;Ship;3;1;187;5;low;F;6;4698;0
3334;B;Ship;5;3;204;3;high;F;1;4037;1
3335;C;Ship;6;5;266;5;low;M;10;4140;0
3336;F;Ship;3;4;179;2;low;F;2;4931;1
3337;D;Ship;3;4;184;3;low;M;10;4776;0
3338;F;Ship;6;2;204;4;medium;F;2;4431;0
3339;A;Ship;3;4;255;2;medium;F;7;4332;1
3340;B;Ship;4;1;272;2;medium;F;5;5252;0
3341;C;Ship;4;3;186;2;low;M;7;4947;1
3342;F;Ship;5;4;147;4;medium;M;6;4369;0
3343;D;Ship;3;4;145;3;medium;M;4;5361;1
3344;F;Ship;5;1;255;3;medium;F;6;5715;0
3345;A;Ship;3;4;133;2;low;F;7;4663;0
3346;B;Ship;4;1;155;4;low;F;1;4985;0
3347;C;Ship;4;5;151;4;medium;M;10;4796;0
3348;F;Ship;4;2;270;2;high;F;3;4914;1
3349;D;Ship;3;1;234;4;high;M;6;4942;0
3350;F;Ship;3;5;186;2;medium;M;4;4352;0
3351;A;Ship;4;5;157;2;medium;M;6;5937;0
3352;B;Ship;4;4;268;3;low;M;7;5947;0
3353;C;Ship;4;3;244;2;low;M;10;4486;1
3354;F;Ship;4;5;190;3;low;M;2;4554;0
3355;D;Ship;4;4;161;4;low;M;5;5038;0
3356;F;Ship;2;4;162;3;high;F;2;5893;1
3357;A;Ship;4;3;163;8;medium;F;6;5739;0
3358;B;Ship;3;3;211;6;low;M;5;5777;1
3359;C;Ship;3;4;205;8;medium;M;1;4977;1
3360;F;Ship;3;5;150;3;medium;F;4;4442;1
3361;D;Ship;2;5;209;5;medium;F;10;4623;1
3362;F;Ship;5;2;250;3;medium;F;6;5298;0
3363;A;Ship;3;2;206;3;high;F;1;4431;1
3364;B;Ship;5;2;244;3;low;M;2;4198;0
3365;C;Ship;2;1;180;3;low;M;2;4615;1
3366;F;Ship;4;4;256;3;medium;M;1;5784;1
3367;D;Ship;5;4;273;3;medium;F;2;5672;1
3368;F;Ship;4;1;178;8;medium;F;6;4872;0
3369;A;Ship;4;2;296;2;medium;F;2;1233;0
3370;B;Ship;3;3;249;5;medium;F;9;1752;0
3371;C;Ship;4;5;151;4;medium;M;3;5470;0
3372;F;Ship;4;3;270;2;high;F;5;5346;0
3373;D;Ship;3;2;234;4;high;F;7;4568;1
3374;F;Ship;3;4;186;2;medium;F;9;5841;0
3375;A;Ship;4;1;157;2;medium;M;3;5801;0
3376;B;Ship;4;2;268;3;low;F;3;5488;1
3377;C;Ship;4;1;244;2;low;F;3;4644;1
3378;F;Ship;4;4;190;3;low;M;2;4800;0
3379;D;Ship;4;2;161;4;low;F;10;5322;0
3380;F;Ship;2;2;162;3;high;M;10;4489;1
3381;A;Ship;4;1;163;8;medium;F;9;5489;1
3382;B;Ship;3;2;211;6;low;F;2;4417;0
3383;C;Ship;3;4;205;8;medium;F;5;4869;1
3384;F;Ship;3;3;150;3;medium;M;4;5536;0
3385;D;Ship;2;5;209;5;medium;F;9;5565;0
3386;F;Ship;5;3;250;3;medium;M;4;4343;0
3387;A;Ship;3;1;206;3;high;F;8;4763;1
3388;B;Ship;5;5;244;3;low;M;9;5695;0
3389;C;Ship;2;2;180;3;low;M;2;5033;1
3390;F;Ship;4;5;256;3;medium;M;10;4504;1
3391;D;Ship;5;4;273;3;medium;M;6;4044;1
3392;F;Ship;4;2;178;8;medium;M;5;4120;1
3393;A;Ship;4;3;296;2;medium;F;9;1523;1
3394;B;Ship;4;2;275;6;medium;M;2;1712;1
3395;C;Ship;5;5;270;3;low;M;2;4351;1
3396;F;Ship;6;5;224;4;medium;M;6;4616;0
3397;D;Ship;2;4;172;5;low;M;4;4668;0
3398;F;Ship;4;4;176;3;low;F;1;4774;0
3399;A;Road;6;2;240;4;low;M;9;4099;0
3400;B;Road;3;4;213;3;low;F;5;4535;1
3401;C;Road;4;2;197;3;low;F;2;5707;0
3402;F;Road;4;5;167;2;low;F;7;4289;1
3403;D;Road;5;1;180;3;low;F;2;5013;1
3404;F;Road;3;1;119;2;low;F;10;4146;1
3405;A;Road;5;5;232;4;low;M;3;5447;0
3406;B;Road;3;5;139;2;medium;M;7;5536;0
3407;C;Road;3;2;272;3;low;M;2;4459;1
3408;F;Road;3;2;253;3;low;F;7;4915;0
3409;D;Road;3;2;188;3;low;M;4;5376;0
3410;F;Road;3;4;202;3;medium;M;5;5169;0
3411;A;Road;3;1;134;3;low;F;7;5802;1
3412;B;Road;3;5;110;3;medium;M;3;4252;1
3413;C;Road;3;2;172;2;low;F;9;4532;1
3414;F;Road;3;1;188;3;low;M;3;4222;0
3415;D;Road;3;1;258;4;medium;F;6;5365;1
3416;F;Road;5;3;234;3;low;M;10;5673;0
3417;A;Road;3;4;148;4;medium;F;9;5301;0
3418;B;Road;5;3;194;4;low;F;2;5396;0
3419;C;Road;4;4;266;3;medium;F;2;5413;1
3420;F;Road;5;5;158;3;medium;M;7;5559;1
3421;D;Flight;5;1;228;2;high;M;6;4984;1
3422;F;Flight;4;5;159;2;low;M;1;5671;0
3423;A;Flight;3;4;255;4;low;M;10;4107;0
3424;B;Flight;3;4;213;3;low;F;4;5481;1
3425;C;Flight;3;4;148;2;low;F;5;4693;1
3426;F;Flight;4;5;219;3;medium;M;6;5957;1
3427;D;Flight;3;5;168;5;medium;M;9;5731;1
3428;F;Flight;4;3;148;5;medium;F;6;4802;0
3429;A;Flight;3;4;149;3;low;F;5;5467;0
3430;B;Flight;3;5;245;6;high;M;9;4793;0
3431;C;Flight;3;1;200;2;medium;M;10;5178;1
3432;F;Flight;3;1;228;3;medium;M;9;5530;0
3433;D;Flight;4;1;175;4;low;M;2;4053;0
3434;F;Flight;3;3;201;3;low;M;9;5895;1
3435;A;Flight;4;3;267;4;low;M;7;5140;0
3436;B;Flight;3;4;217;2;medium;F;9;5450;0
3437;C;Flight;2;3;160;2;high;M;3;4409;0
3438;F;Flight;4;4;264;3;low;F;2;4279;1
3439;D;Flight;3;1;179;3;high;M;5;5898;1
3440;F;Flight;4;5;259;3;medium;M;10;4921;1
3441;A;Flight;4;5;178;2;high;M;5;5403;0
3442;B;Flight;3;2;242;5;medium;M;6;4694;0
3443;C;Ship;4;4;235;2;low;M;4;5671;0
3444;F;Ship;4;1;247;2;medium;F;7;5098;0
3445;D;Ship;2;2;240;5;low;M;7;4138;1
3446;F;Ship;3;1;252;2;low;M;4;5559;0
3447;A;Ship;5;4;237;2;low;M;8;5600;1
3448;B;Ship;4;2;161;3;low;F;4;5947;0
3449;C;Ship;2;3;144;4;low;F;10;4075;0
3450;F;Ship;4;1;163;4;medium;M;2;5432;1
3451;D;Ship;4;3;246;3;low;F;5;5118;0
3452;F;Ship;3;2;213;3;medium;M;10;5993;1
3453;A;Ship;5;1;123;2;low;F;9;5497;0
3454;B;Ship;4;3;192;3;low;M;1;4045;1
3455;C;Ship;4;4;149;3;low;F;8;5658;1
3456;F;Ship;5;3;206;4;high;F;1;4583;0
3457;D;Ship;6;4;243;6;low;M;8;5218;0
3458;F;Ship;4;5;136;3;low;F;1;4585;1
3459;A;Ship;4;1;170;2;medium;F;5;5182;0
3460;B;Ship;2;4;180;2;low;F;8;4321;1
3461;C;Ship;3;5;220;2;low;F;1;5663;0
3462;F;Ship;3;3;144;2;low;M;6;5994;1
3463;D;Ship;3;4;271;2;medium;M;6;4218;0
3464;F;Ship;4;4;186;2;medium;F;9;4887;1
3465;A;Ship;2;5;247;4;medium;M;4;5255;1
3466;B;Ship;4;4;202;3;medium;M;2;4299;1
3467;C;Ship;4;3;143;3;medium;F;3;5062;1
3468;F;Ship;3;1;180;3;low;F;10;5633;0
3469;D;Ship;4;5;221;3;medium;F;3;4430;1
3470;F;Ship;4;3;173;3;low;F;7;4810;1
3471;A;Ship;2;5;107;3;medium;M;2;4853;0
3472;B;Ship;3;4;259;2;medium;F;3;4154;1
3473;C;Ship;5;4;134;3;medium;M;4;4908;0
3474;F;Ship;3;2;204;4;low;M;4;4745;0
3475;D;Ship;2;2;161;5;medium;M;3;4138;0
3476;F;Ship;6;4;100;5;low;F;7;5668;1
3477;A;Ship;5;2;260;4;medium;F;3;5890;0
3478;B;Ship;5;2;196;3;low;F;4;4271;0
3479;C;Ship;5;2;260;3;low;M;1;4799;1
3480;F;Ship;3;1;193;4;low;M;5;4700;0
3481;D;Ship;4;1;258;3;medium;M;7;4159;0
3482;F;Ship;4;3;254;4;low;M;9;4492;0
3483;A;Ship;3;5;216;4;low;F;3;4934;0
3484;B;Ship;4;1;273;3;low;F;5;5323;0
3485;C;Ship;4;4;223;4;low;M;1;4219;0
3486;F;Ship;4;1;182;2;medium;F;10;5638;0
3487;D;Ship;3;4;201;3;low;F;6;5722;1
3488;F;Ship;4;3;249;3;medium;F;6;5657;1
3489;A;Ship;5;4;152;3;low;M;1;5314;1
3490;B;Ship;3;1;244;4;medium;M;6;4734;1
3491;C;Ship;3;1;256;4;medium;F;3;4398;1
3492;F;Ship;4;2;223;3;medium;M;3;5121;0
3493;D;Ship;3;2;185;2;high;F;3;4816;1
3494;F;Ship;3;1;166;3;medium;M;9;4410;0
3495;A;Ship;3;4;113;3;medium;M;1;5765;1
3496;B;Ship;4;1;134;2;medium;F;7;5967;0
3497;C;Ship;4;3;228;2;high;F;4;4719;1
3498;F;Ship;3;4;204;2;low;F;10;5844;1
3499;D;Ship;3;1;152;2;medium;F;2;4136;0
3500;F;Ship;3;2;195;2;medium;M;9;5779;1
3501;A;Ship;4;2;192;6;high;F;3;5173;0
3502;B;Ship;4;2;247;3;medium;M;8;4977;0
3503;C;Ship;3;1;135;2;medium;M;2;4163;0
3504;F;Ship;4;2;209;2;medium;F;1;5337;0
3505;D;Ship;2;4;173;2;low;M;1;4721;0
3506;F;Ship;4;4;222;2;low;M;5;5660;0
3507;A;Ship;4;3;192;3;medium;F;10;4086;1
3508;B;Ship;3;5;206;3;medium;F;6;5618;0
3509;C;Ship;3;3;275;4;medium;M;6;4687;1
3510;F;Ship;2;3;192;3;medium;F;8;5787;1
3511;D;Ship;6;3;121;3;medium;F;10;5208;0
3512;F;Ship;4;2;177;3;low;M;8;4904;0
3513;A;Ship;3;1;243;3;low;F;2;4989;0
3514;B;Ship;3;2;262;4;low;M;1;4745;1
3515;C;Ship;2;4;189;3;low;M;3;5897;1
3516;F;Ship;5;4;178;2;low;F;4;5307;0
3517;D;Ship;3;4;232;3;medium;F;1;4228;1
3518;F;Ship;4;5;254;3;low;M;1;4377;1
3519;A;Ship;3;1;148;2;medium;M;5;4082;1
3520;B;Ship;4;3;253;4;high;M;4;4868;1
3521;C;Ship;4;5;223;3;medium;F;9;5279;1
3522;F;Ship;2;2;190;2;medium;M;7;4075;0
3523;D;Ship;5;3;181;4;low;F;2;5332;0
3524;F;Ship;2;3;226;3;low;M;8;5119;0
3525;A;Ship;3;4;182;2;medium;M;8;4883;0
3526;B;Ship;2;4;191;3;medium;F;6;4119;0
3527;C;Ship;3;1;223;4;low;M;1;4195;0
3528;F;Ship;4;5;274;3;medium;M;4;4521;0
3529;D;Ship;4;4;218;2;low;M;9;5637;0
3530;F;Ship;3;5;197;3;low;M;3;5658;0
3531;A;Ship;4;2;137;3;low;F;6;5271;0
3532;B;Ship;2;1;163;3;low;F;3;5873;1
3533;C;Ship;4;4;218;4;low;M;6;4377;1
3534;F;Ship;5;1;245;3;low;M;6;4343;1
3535;D;Ship;3;5;181;2;medium;M;2;4089;0
3536;F;Road;6;3;222;5;high;F;2;4612;0
3537;A;Road;4;5;259;2;low;M;7;4390;1
3538;B;Road;3;4;157;3;medium;F;6;5398;1
3539;C;Road;4;3;137;3;medium;F;10;4820;1
3540;F;Road;3;3;242;3;low;F;8;4199;0
3541;D;Road;4;5;154;4;medium;M;7;4938;0
3542;F;Road;3;2;150;2;low;F;3;4174;0
3543;A;Road;5;3;174;3;medium;F;7;5510;1
3544;B;Road;5;5;265;3;high;F;3;5837;1
3545;C;Road;3;4;248;4;medium;M;8;4540;0
3546;F;Road;4;3;186;3;low;M;7;5156;1
3547;D;Road;4;2;152;3;medium;M;6;5764;1
3548;F;Road;3;3;163;3;medium;M;2;5791;1
3549;A;Road;4;5;168;4;medium;M;5;5735;1
3550;B;Road;4;3;102;3;medium;F;3;4845;1
3551;C;Road;3;1;169;2;medium;F;1;4783;1
3552;F;Road;6;1;163;4;high;M;3;4031;1
3553;D;Road;2;1;154;3;medium;F;4;5100;0
3554;F;Road;3;5;271;2;low;F;3;4878;0
3555;A;Road;3;4;182;3;medium;F;7;5409;1
3556;B;Road;4;1;173;3;low;F;5;5232;0
3557;C;Road;5;2;244;2;low;M;10;5696;0
3558;F;Flight;4;5;214;2;low;M;8;4512;0
3559;D;Flight;4;4;210;2;high;M;6;4076;0
3560;F;Flight;5;3;194;7;medium;F;10;5700;0
3561;A;Flight;4;3;185;10;high;F;7;4818;1
3562;B;Flight;3;3;121;2;low;M;10;5130;1
3563;C;Flight;3;1;203;3;medium;F;3;4137;0
3564;F;Flight;2;5;134;10;high;M;8;5472;0
3565;D;Flight;3;3;263;3;medium;F;9;5665;1
3566;F;Flight;5;1;279;8;low;F;6;5888;1
3567;A;Flight;4;5;222;3;low;F;5;5584;0
3568;B;Flight;4;1;233;2;low;M;9;4799;1
3569;C;Flight;4;4;271;3;low;M;3;4152;0
3570;F;Flight;3;4;118;4;low;M;6;5964;0
3571;D;Flight;3;4;183;2;low;M;5;4261;1
3572;F;Flight;3;4;217;3;low;F;5;4077;0
3573;A;Flight;3;5;245;10;medium;M;8;4909;1
3574;B;Flight;3;4;143;4;medium;M;5;5545;1
3575;C;Flight;3;3;149;3;medium;F;3;4189;0
3576;F;Flight;4;5;275;6;medium;M;10;1400;1
3577;D;Flight;4;5;168;4;medium;F;4;4776;1
3578;F;Flight;4;1;102;3;medium;M;3;4179;0
3579;A;Flight;3;2;169;2;medium;F;10;4038;1
3580;B;Ship;6;5;163;4;high;M;3;5118;1
3581;C;Ship;2;3;154;3;medium;M;3;4478;0
3582;F;Ship;3;3;271;2;low;F;8;4444;1
3583;D;Ship;3;4;182;3;medium;F;2;5281;1
3584;F;Ship;4;5;173;3;low;F;7;4410;0
3585;A;Ship;5;5;244;2;low;M;10;5794;0
3586;B;Ship;4;5;214;2;low;M;3;5546;0
3587;C;Ship;4;2;210;2;high;F;3;5876;1
3588;F;Ship;5;1;194;7;medium;M;8;4770;0
3589;D;Ship;4;3;185;10;high;M;1;4973;0
3590;F;Ship;3;1;121;2;low;M;2;5210;1
3591;A;Ship;3;4;203;3;medium;M;1;5543;0
3592;B;Ship;2;3;134;10;high;F;1;5632;0
3593;C;Ship;3;2;263;3;medium;M;8;5447;1
3594;F;Ship;5;2;279;8;low;M;5;4785;0
3595;D;Ship;4;2;222;3;low;F;3;5130;0
3596;F;Ship;4;2;233;2;low;F;5;4668;0
3597;A;Ship;4;2;271;3;low;M;9;4085;0
3598;B;Ship;3;5;118;4;low;F;10;5699;1
3599;C;Ship;3;4;183;2;low;M;3;4179;1
3600;F;Ship;3;4;217;3;low;F;5;4883;1
3601;D;Ship;3;4;245;10;medium;M;1;5363;0
3602;F;Ship;3;2;143;4;medium;F;7;4486;0
3603;A;Ship;3;2;149;3;medium;F;7;4049;1
3604;B;Ship;4;2;275;6;medium;M;9;1890;0
3605;C;Ship;7;4;282;5;low;M;5;1149;0
3606;F;Ship;4;1;276;2;medium;M;3;1966;0
3607;D;Ship;4;5;244;3;low;M;6;1360;1
3608;F;Ship;5;5;258;4;medium;M;7;5478;0
3609;A;Ship;3;5;257;3;low;M;5;5657;0
3610;B;Ship;4;2;195;5;medium;M;9;5178;1
3611;C;Ship;2;2;152;4;low;M;6;4606;1
3612;F;Ship;2;1;100;3;low;M;1;5776;1
3613;D;Ship;4;1;248;2;medium;M;4;5783;0
3614;F;Ship;4;5;274;2;low;F;2;4492;1
3615;A;Ship;3;3;203;2;low;M;1;5244;0
3616;B;Ship;6;5;194;5;low;F;8;4777;0
3617;C;Ship;3;3;142;3;low;F;7;4439;0
3618;F;Ship;4;5;208;5;low;F;7;5833;0
3619;D;Ship;4;5;237;2;medium;F;6;5954;0
3620;F;Ship;3;1;210;2;low;M;9;4580;0
3621;A;Ship;3;3;158;2;low;M;10;4061;1
3622;B;Ship;3;3;148;3;low;M;1;5700;0
3623;C;Ship;3;2;146;3;high;F;4;5846;1
3624;F;Ship;3;3;155;3;low;F;3;5768;0
3625;D;Ship;2;5;233;3;medium;M;10;5211;1
3626;F;Ship;3;4;165;2;medium;F;8;4280;1
3627;A;Ship;4;3;227;3;medium;F;10;5491;1
3628;B;Ship;5;3;197;4;low;F;6;4184;0
3629;C;Ship;4;1;134;3;medium;M;2;4983;0
3630;F;Ship;5;2;134;2;low;M;9;5045;0
3631;D;Ship;4;5;194;2;low;M;3;4724;1
3632;F;Ship;3;4;172;3;low;F;4;4337;0
3633;A;Ship;3;1;205;2;medium;F;2;5322;0
3634;B;Ship;3;1;191;5;low;F;9;5196;1
3635;C;Ship;3;3;225;4;low;M;10;5690;0
3636;F;Ship;5;5;152;6;medium;M;2;4915;1
3637;D;Ship;5;3;249;3;medium;M;10;5001;1
3638;F;Ship;5;5;136;3;low;M;4;4218;1
3639;A;Ship;3;5;146;5;high;F;7;4538;0
3640;B;Ship;5;2;259;2;medium;M;1;4607;0
3641;C;Ship;3;2;159;3;medium;M;4;5577;1
3642;F;Ship;5;1;162;3;medium;M;5;4064;1
3643;D;Ship;4;4;205;4;low;F;6;5064;0
3644;F;Ship;5;5;155;3;medium;F;6;4109;1
3645;A;Ship;4;5;171;4;medium;F;4;4151;0
3646;B;Ship;3;1;244;3;medium;F;1;5695;1
3647;C;Ship;5;5;135;3;medium;M;2;5849;1
3648;F;Ship;4;2;147;3;low;F;5;5174;0
3649;D;Ship;3;2;245;2;low;F;4;4514;1
3650;F;Ship;5;4;266;6;low;F;5;5481;0
3651;A;Ship;3;5;165;3;low;M;3;5409;0
3652;B;Ship;4;3;226;3;medium;M;1;5433;1
3653;C;Ship;5;4;185;3;medium;F;1;4925;0
3654;F;Ship;5;3;267;3;low;M;9;5258;1
3655;D;Ship;5;3;169;3;low;F;9;4289;1
3656;F;Ship;4;1;191;3;high;F;6;5335;1
3657;A;Ship;3;1;187;3;medium;M;2;5154;1
3658;B;Ship;3;2;265;6;low;M;9;5936;0
3659;C;Ship;3;2;243;3;medium;F;8;4093;0
3660;F;Ship;6;3;166;3;low;F;2;5559;0
3661;D;Ship;5;3;249;2;medium;M;3;4440;0
3662;F;Ship;4;1;271;2;low;F;1;4866;0
3663;A;Ship;4;3;272;2;medium;F;5;4681;1
3664;B;Ship;4;3;226;2;low;F;8;4526;0
3665;C;Ship;3;3;250;5;medium;M;8;5762;1
3666;F;Ship;2;5;135;6;medium;F;9;5777;1
3667;D;Ship;4;4;274;3;high;F;3;4202;1
3668;F;Ship;4;4;184;3;medium;F;2;4124;1
3669;A;Ship;2;1;139;2;medium;F;2;4520;1
3670;B;Ship;3;3;198;2;low;M;8;4620;1
3671;C;Ship;4;2;168;2;medium;M;1;5154;0
3672;F;Ship;4;4;245;4;medium;M;4;5203;1
3673;D;Road;4;1;251;3;low;F;4;4374;1
3674;F;Road;4;1;153;2;medium;M;9;4359;0
3675;A;Road;5;1;142;4;medium;F;2;4735;1
3676;B;Road;4;5;148;3;low;M;5;4913;0
3677;C;Road;4;2;273;5;low;F;1;5012;0
3678;F;Road;3;1;180;6;low;M;5;4802;1
3679;D;Road;3;3;158;3;low;F;2;5205;1
3680;F;Road;4;3;240;2;medium;F;2;5588;0
3681;A;Road;4;1;174;3;low;M;7;4813;1
3682;B;Road;4;2;186;3;low;M;6;4524;0
3683;C;Road;5;5;174;3;high;F;9;5969;1
3684;F;Road;4;1;260;4;low;M;10;4072;1
3685;D;Road;4;3;258;2;low;F;2;4308;0
3686;F;Road;4;2;262;2;medium;M;3;4090;1
3687;A;Road;4;2;197;3;low;M;4;5800;0
3688;B;Road;4;1;238;3;low;M;4;5449;1
3689;C;Road;3;3;168;2;low;F;9;4608;0
3690;F;Road;4;3;266;3;low;M;9;5621;1
3691;D;Road;4;4;251;3;high;F;5;5460;0
3692;F;Road;3;5;272;2;low;M;3;5638;1
3693;A;Road;5;3;203;2;medium;M;4;4311;1
3694;B;Road;5;5;168;3;low;M;6;4096;0
3695;C;Flight;3;1;138;3;medium;F;7;5534;0
3696;F;Flight;3;1;129;3;medium;M;9;5296;1
3697;D;Flight;4;4;178;6;low;F;9;5279;1
3698;F;Flight;5;1;211;2;medium;M;1;5913;1
3699;A;Flight;3;5;169;3;high;F;5;5750;0
3700;B;Flight;3;2;267;3;low;M;8;5922;0
3701;C;Flight;3;4;183;3;low;F;1;5959;1
3702;F;Flight;3;1;194;2;low;M;8;4335;1
3703;D;Flight;5;3;151;2;low;M;8;4749;0
3704;F;Flight;6;3;225;4;low;M;5;4184;1
3705;A;Flight;5;2;184;4;low;M;6;4155;1
3706;B;Flight;3;2;269;2;medium;F;1;4978;0
3707;C;Flight;3;2;274;2;medium;M;5;5161;0
3708;F;Flight;5;4;142;2;high;M;7;5341;0
3709;D;Flight;4;1;140;4;low;M;6;5067;0
3710;F;Flight;4;1;219;5;medium;M;5;5253;0
3711;A;Flight;2;3;237;3;medium;M;2;5331;0
3712;B;Flight;3;5;140;5;low;M;7;4370;1
3713;C;Flight;5;5;105;5;low;F;10;5418;1
3714;F;Flight;3;1;192;2;low;M;6;4056;0
3715;D;Flight;3;4;154;3;low;F;2;4990;1
3716;F;Flight;5;5;165;2;low;M;3;4005;1
3717;A;Ship;5;1;197;4;low;F;2;5594;1
3718;B;Ship;3;5;274;3;low;F;3;5156;0
3719;C;Ship;3;5;193;3;high;F;10;5991;1
3720;F;Ship;3;1;252;4;high;M;4;4303;0
3721;D;Ship;4;5;224;2;low;M;6;4994;0
3722;F;Ship;5;2;230;4;low;F;4;4782;1
3723;A;Ship;4;2;174;3;medium;F;10;4318;0
3724;B;Ship;3;2;226;3;medium;M;3;4940;1
3725;C;Ship;5;1;245;3;medium;M;9;5690;0
3726;F;Ship;5;1;206;5;medium;M;2;5766;0
3727;D;Ship;3;5;241;3;low;M;2;4976;1
3728;F;Ship;3;4;148;4;high;F;1;4249;0
3729;A;Ship;5;2;181;3;low;M;7;5875;0
3730;B;Ship;4;3;146;3;low;F;8;5673;1
3731;C;Ship;3;3;115;6;high;F;6;5636;0
3732;F;Ship;4;5;201;3;low;F;10;4530;1
3733;D;Ship;5;5;273;4;low;M;1;5225;1
3734;F;Ship;5;5;228;5;low;F;6;4506;0
3735;A;Ship;4;5;185;3;low;F;2;4336;1
3736;B;Ship;6;1;170;3;low;F;10;4858;0
3737;C;Ship;4;4;156;2;low;M;7;5017;0
3738;F;Ship;4;4;159;3;medium;M;3;5545;0
3739;D;Ship;5;4;263;2;high;F;8;4914;0
3740;F;Ship;3;5;159;3;medium;F;1;4314;1
3741;A;Ship;5;2;241;3;low;F;10;4244;1
3742;B;Ship;5;1;167;3;medium;M;3;4267;1
3743;C;Ship;4;5;231;3;low;M;4;5089;1
3744;F;Ship;4;2;233;2;low;F;5;4817;0
3745;D;Ship;6;4;256;4;high;M;2;5021;0
3746;F;Ship;3;1;205;4;high;F;3;4426;0
3747;A;Ship;2;2;180;2;high;M;1;4407;0
3748;B;Ship;2;3;187;2;medium;F;10;5957;0
3749;C;Ship;3;4;250;2;medium;M;1;4922;1
3750;F;Ship;4;4;273;2;low;M;9;5151;0
3751;D;Ship;3;5;224;2;low;F;10;4445;0
3752;F;Ship;3;2;195;2;medium;M;8;4365;0
3753;A;Ship;4;2;148;2;low;M;9;4334;0
3754;B;Ship;3;4;181;2;medium;F;4;4629;0
3755;C;Ship;5;1;111;4;high;F;2;5978;1
3756;F;Ship;3;2;181;3;medium;F;9;4163;0
3757;D;Ship;3;2;108;4;low;F;5;4787;0
3758;F;Ship;4;5;188;5;low;F;1;5999;1
3759;A;Ship;6;3;231;4;low;F;7;4553;1
3760;B;Ship;2;3;230;3;low;F;4;5127;0
3761;C;Ship;4;3;197;2;low;M;7;5449;0
3762;F;Ship;3;1;252;3;high;F;6;5101;0
3763;D;Ship;6;4;237;5;medium;F;2;5437;1
3764;F;Ship;4;4;182;3;medium;F;8;5453;1
3765;A;Ship;5;4;241;3;high;M;6;4157;0
3766;B;Ship;4;4;247;2;medium;F;6;5833;1
3767;C;Ship;5;2;156;4;low;M;8;5014;0
3768;F;Ship;5;4;189;3;low;M;7;4741;1
3769;D;Ship;4;1;240;4;low;M;9;4471;1
3770;F;Ship;3;1;196;3;medium;M;8;4516;0
3771;A;Ship;3;5;157;3;low;M;7;5100;0
3772;B;Ship;2;2;203;4;medium;M;10;5764;0
3773;C;Ship;3;5;156;8;medium;F;9;4733;1
3774;F;Ship;3;3;172;6;medium;F;5;5366;1
3775;D;Ship;4;2;204;2;low;F;1;4533;0
3776;F;Ship;4;2;283;7;high;F;9;5252;1
3777;A;Ship;4;4;257;10;medium;M;4;4710;0
3778;B;Ship;2;4;147;2;medium;M;3;5136;1
3779;C;Ship;4;2;229;3;low;F;6;5691;1
3780;F;Ship;2;1;111;2;low;F;1;4296;1
3781;D;Ship;3;3;231;2;high;F;8;5021;0
3782;F;Ship;4;1;197;3;low;F;6;5032;0
3783;A;Ship;4;1;157;2;medium;F;5;5647;0
3784;B;Ship;3;3;201;10;high;M;10;5281;0
3785;C;Ship;4;3;247;10;high;M;10;5644;0
3786;F;Ship;5;5;184;3;low;F;5;5045;0
3787;D;Ship;3;2;144;10;high;F;3;5000;0
3788;F;Ship;3;4;245;4;low;M;9;4139;0
3789;A;Ship;3;3;163;3;low;M;5;5638;0
3790;B;Ship;3;1;154;10;medium;F;3;4524;0
3791;C;Ship;4;2;245;2;low;M;8;5871;1
3792;F;Ship;3;3;268;10;medium;M;2;5626;1
3793;D;Ship;4;1;180;3;low;F;1;5677;0
3794;F;Ship;2;2;230;3;low;F;7;4889;0
3795;A;Ship;4;1;197;2;low;F;2;5685;0
3796;B;Ship;3;5;252;3;high;F;4;4248;0
3797;C;Ship;6;4;237;5;medium;F;10;5434;0
3798;F;Ship;4;2;182;3;medium;M;7;4710;1
3799;D;Ship;5;1;241;3;high;M;8;5306;1
3800;F;Ship;4;3;247;2;medium;F;3;4862;1
3801;A;Ship;5;4;156;4;low;M;1;5533;1
3802;B;Ship;5;2;189;3;low;F;1;5965;0
3803;C;Ship;4;1;240;4;low;F;7;5905;1
3804;F;Ship;3;4;196;3;medium;M;8;5204;0
3805;D;Ship;3;3;157;3;low;M;9;5807;1
3806;F;Ship;2;1;203;4;medium;F;4;4145;0
3807;A;Ship;3;2;156;8;medium;M;6;5637;1
3808;B;Ship;3;4;172;6;medium;F;1;4618;0
3809;C;Ship;4;1;204;2;low;M;7;5795;0
3810;F;Road;4;3;283;7;high;F;1;4216;1
3811;D;Road;4;3;257;10;medium;F;3;5881;1
3812;F;Road;2;5;147;2;medium;F;8;5499;0
3813;A;Road;4;3;229;3;low;M;5;5225;1
3814;B;Road;2;5;111;2;low;M;4;4473;1
3815;C;Road;3;4;231;2;high;F;6;4452;0
3816;F;Road;4;2;197;3;low;M;2;4113;1
3817;D;Road;4;4;157;2;medium;M;8;5398;0
3818;F;Road;3;4;201;10;high;F;7;4699;0
3819;A;Road;4;3;247;10;high;M;10;5882;0
3820;B;Road;5;5;184;3;low;F;2;5800;0
3821;C;Road;3;4;144;10;high;M;8;4440;0
3822;F;Road;3;4;245;4;low;M;4;5186;1
3823;D;Road;3;5;163;3;low;M;5;4570;0
3824;F;Road;3;3;154;10;medium;F;1;5235;1
3825;A;Road;4;2;245;2;low;M;1;5978;0
3826;B;Road;3;2;268;10;medium;M;9;4483;0
3827;C;Road;4;3;180;3;low;M;7;5718;0
3828;F;Road;3;3;182;4;low;M;10;1690;1
3829;D;Road;4;2;164;2;low;F;7;1116;0
3830;F;Road;6;4;136;3;low;M;2;1187;0
3831;A;Road;6;2;290;5;medium;M;8;1512;1
3832;B;Flight;6;1;134;3;medium;M;10;1278;1
3833;C;Flight;4;1;215;3;low;F;2;5563;1
3834;F;Flight;4;4;213;4;low;M;2;5857;1
3835;D;Flight;5;2;132;3;medium;F;4;4475;1
3836;F;Flight;3;5;220;4;low;M;2;4313;0
3837;A;Flight;3;4;215;2;low;F;8;5683;0
3838;B;Flight;6;5;212;2;low;F;5;4804;1
3839;C;Flight;4;1;190;4;medium;F;5;5570;1
3840;F;Flight;5;2;171;3;low;M;3;4749;1
3841;D;Flight;4;2;153;2;medium;F;4;4069;1
3842;F;Flight;3;1;164;3;medium;M;2;5488;0
3843;A;Flight;5;4;172;2;low;M;5;4554;1
3844;B;Flight;3;1;199;6;medium;F;7;4805;0
3845;C;Flight;3;2;163;3;medium;M;6;4323;0
3846;F;Flight;5;2;263;3;low;M;9;4699;1
3847;D;Flight;3;4;156;3;medium;M;7;4636;0
3848;F;Flight;4;3;206;4;low;M;1;4596;1
3849;A;Flight;3;4;224;2;low;M;8;4162;0
3850;B;Flight;3;3;221;2;medium;F;5;4205;1
3851;C;Flight;4;3;221;4;low;F;1;4865;0
3852;F;Flight;2;3;263;3;medium;F;10;4779;0
3853;D;Flight;6;4;148;4;low;F;10;5088;0
3854;F;Ship;3;3;232;3;low;F;9;5016;1
3855;A;Ship;3;1;139;3;medium;F;3;5847;1
3856;B;Ship;3;3;185;4;low;F;6;4015;0
3857;C;Ship;3;2;183;3;medium;M;9;4282;0
3858;F;Ship;5;1;245;2;medium;F;2;4882;1
3859;D;Ship;3;3;159;4;medium;M;9;4214;0
3860;F;Ship;5;2;249;3;medium;M;6;5212;0
3861;A;Ship;4;5;233;2;medium;M;10;5865;1
3862;B;Ship;4;5;226;2;high;M;2;5881;1
3863;C;Ship;5;1;152;3;medium;F;6;4735;0
3864;F;Ship;2;4;143;6;medium;F;1;5514;0
3865;D;Ship;6;2;218;6;medium;M;1;4558;1
3866;F;Ship;3;4;209;3;medium;M;2;4976;0
3867;A;Ship;2;2;157;2;medium;M;9;5875;0
3868;B;Ship;4;3;218;2;medium;M;6;4414;1
3869;C;Ship;4;3;235;3;high;F;10;4172;0
3870;F;Ship;5;5;253;2;medium;F;2;4364;0
3871;D;Ship;3;2;211;3;high;M;7;4145;1
3872;F;Ship;4;2;265;4;medium;M;3;4283;1
3873;A;Ship;4;2;201;3;medium;M;7;5967;1
3874;B;Ship;4;5;216;3;medium;M;1;5167;1
3875;C;Ship;2;5;176;3;low;F;4;5463;0
3876;F;Ship;4;5;155;3;medium;M;8;4924;0
3877;D;Ship;4;4;266;2;low;F;2;4290;0
3878;F;Ship;4;3;250;6;medium;M;7;5115;1
3879;A;Ship;5;2;205;4;low;M;6;5486;0
3880;B;Ship;5;2;175;3;low;M;1;4019;0
3881;C;Ship;3;2;260;4;high;F;3;4423;0
3882;F;Ship;3;2;157;3;high;F;1;5398;0
3883;D;Ship;5;3;282;3;medium;M;5;4644;1
3884;F;Ship;3;4;238;3;medium;F;8;5337;1
3885;A;Ship;3;4;187;2;medium;M;4;5139;1
3886;B;Ship;3;3;104;5;low;F;5;4643;0
3887;C;Ship;5;4;230;3;low;M;1;4727;0
3888;F;Ship;4;3;174;2;low;M;10;5554;0
3889;D;Ship;5;3;237;2;medium;M;3;5113;0
3890;F;Ship;3;1;202;2;medium;F;7;4506;1
3891;A;Ship;3;1;204;3;medium;M;4;5900;1
3892;B;Ship;3;4;243;2;high;M;7;4024;0
3893;C;Ship;4;1;165;2;medium;F;5;5014;1
3894;F;Ship;2;4;169;4;low;F;3;4968;1
3895;D;Ship;2;3;197;3;low;F;7;4632;0
3896;F;Ship;5;5;263;2;medium;M;8;4350;0
3897;A;Ship;4;1;247;2;low;M;3;4113;0
3898;B;Ship;4;4;207;3;low;M;9;4314;0
3899;C;Ship;4;4;155;2;medium;F;9;4932;1
3900;F;Ship;4;5;174;2;low;M;10;5764;0
3901;D;Ship;3;2;220;3;medium;M;8;4148;0
3902;F;Ship;5;5;192;3;medium;M;5;4942;1
3903;A;Ship;5;3;231;3;medium;F;2;4735;0
3904;B;Ship;4;1;237;3;low;F;10;5381;0
3905;C;Ship;4;1;187;3;medium;M;8;5872;0
3906;F;Ship;5;4;141;4;high;F;5;5444;1
3907;D;Ship;4;4;272;5;low;F;3;5243;0
3908;F;Ship;3;1;229;3;low;M;5;4971;1
3909;A;Ship;4;2;173;2;medium;M;9;4307;0
3910;B;Ship;2;1;271;2;low;M;7;5875;0
3911;C;Ship;4;5;246;3;medium;F;7;4956;0
3912;F;Ship;4;3;104;4;medium;M;3;4548;0
3913;D;Ship;4;4;121;5;low;F;8;4233;1
3914;F;Ship;3;3;212;3;medium;F;10;5935;0
3915;A;Ship;3;1;139;5;medium;F;5;4572;0
3916;B;Ship;3;4;250;3;low;M;10;5688;0
3917;C;Ship;4;4;272;2;low;M;10;4826;1
3918;F;Ship;6;1;160;5;medium;M;8;5982;0
3919;D;Ship;5;1;170;4;low;F;4;4855;1
3920;F;Ship;4;1;260;2;low;F;1;5001;1
3921;A;Ship;2;1;168;3;low;F;7;4008;0
3922;B;Ship;4;2;261;2;medium;M;7;5764;0
3923;C;Ship;5;4;117;3;medium;F;4;5332;0
3924;F;Ship;4;2;151;4;medium;F;5;5469;0
3925;D;Ship;5;1;181;2;medium;F;4;5578;1
3926;F;Ship;6;1;251;4;low;M;2;5656;0
3927;A;Ship;2;3;178;3;medium;F;8;4451;1
3928;B;Ship;3;1;227;3;low;M;10;4305;1
3929;C;Ship;4;3;206;4;medium;M;1;4812;1
3930;F;Ship;4;4;181;4;low;M;4;5767;0
3931;D;Ship;4;5;117;5;medium;F;1;4378;0
3932;F;Ship;2;4;187;6;medium;F;9;4388;0
3933;A;Ship;5;3;219;4;medium;M;5;4096;0
3934;B;Ship;6;3;280;3;low;M;7;4620;1
3935;C;Ship;6;5;178;3;low;F;5;4096;0
3936;F;Ship;3;1;139;2;medium;M;3;4226;0
3937;D;Ship;3;5;137;2;low;F;6;5709;1
3938;F;Ship;5;3;248;2;low;F;6;5863;1
3939;A;Ship;3;5;259;3;low;F;10;5978;0
3940;B;Ship;4;5;139;3;medium;M;5;5126;0
3941;C;Ship;3;5;267;2;medium;M;4;4703;0
3942;F;Ship;3;5;271;4;medium;M;1;5852;1
3943;D;Ship;5;1;181;4;medium;F;4;5505;0
3944;F;Ship;4;5;222;2;medium;M;2;4425;0
3945;A;Ship;3;5;159;2;medium;M;6;5804;0
3946;B;Ship;3;4;238;2;medium;M;3;4930;0
3947;C;Road;5;3;256;6;medium;F;5;5614;1
3948;F;Road;4;2;202;3;low;M;9;4955;0
3949;D;Road;4;1;258;3;medium;M;2;4188;0
3950;F;Road;4;5;174;3;medium;F;8;5576;0
3951;A;Road;4;3;270;2;low;M;7;5814;0
3952;B;Road;4;1;215;3;low;M;9;4551;0
3953;C;Road;3;1;254;4;medium;M;9;4571;0
3954;F;Road;6;4;253;2;low;F;9;5972;0
3955;D;Road;3;2;269;4;medium;M;1;5797;0
3956;F;Road;4;1;224;5;low;F;7;5738;0
3957;A;Road;3;1;157;3;medium;M;1;4391;0
3958;B;Road;3;3;250;3;low;F;5;4625;0
3959;C;Road;6;1;132;4;medium;M;5;5235;1
3960;F;Road;5;2;256;3;medium;M;6;5604;1
3961;D;Road;4;2;237;3;low;M;1;5114;0
3962;F;Road;5;1;199;2;medium;M;7;4660;1
3963;A;Road;3;4;186;3;medium;M;7;4536;0
3964;B;Road;4;5;213;3;medium;F;7;4114;0
3965;C;Road;3;1;260;2;medium;F;6;4332;0
3966;F;Road;6;1;247;3;low;M;1;4637;1
3967;D;Road;4;3;178;2;medium;F;9;4322;1
3968;F;Road;3;1;135;2;low;M;7;5682;0
3969;A;Flight;3;3;234;3;medium;F;3;4187;1
3970;B;Flight;4;5;214;3;high;F;1;4004;0
3971;C;Flight;4;1;174;3;low;F;8;5549;0
3972;F;Flight;5;5;262;2;medium;M;8;4283;0
3973;D;Flight;4;1;180;3;high;F;5;4346;0
3974;F;Flight;5;2;165;2;medium;F;6;4819;1
3975;A;Flight;4;1;150;3;low;F;10;4470;0
3976;B;Flight;5;4;227;2;low;F;9;5706;1
3977;C;Flight;5;1;220;3;medium;M;8;5727;1
3978;F;Flight;5;5;255;2;medium;M;1;4604;1
3979;D;Flight;3;2;202;2;medium;M;5;5135;1
3980;F;Flight;4;4;261;3;medium;M;2;4140;0
3981;A;Flight;5;3;244;2;low;M;5;4713;0
3982;B;Flight;4;2;173;3;medium;F;1;5128;0
3983;C;Flight;3;2;224;3;medium;M;1;5343;1
3984;F;Flight;4;4;263;2;medium;M;2;5797;1
3985;D;Flight;5;1;160;5;low;F;1;4672;0
3986;F;Flight;6;2;106;5;low;M;9;4038;1
3987;A;Flight;3;2;227;2;medium;M;9;4659;0
3988;B;Flight;3;5;257;2;low;M;2;5251;1
3989;C;Flight;3;1;155;3;medium;F;6;5113;1
3990;F;Flight;3;4;212;3;low;F;8;5214;0
3991;D;Ship;6;3;205;3;low;M;10;4996;0
3992;F;Ship;3;4;211;3;low;F;6;5890;0
3993;A;Ship;5;4;178;5;low;F;9;4729;1
3994;B;Ship;3;3;221;3;high;M;5;4568;1
3995;C;Ship;3;3;253;4;low;F;9;4682;1
3996;F;Ship;3;1;185;2;medium;M;8;5430;1
3997;D;Ship;3;3;160;2;high;M;6;5667;0
3998;F;Ship;3;4;173;2;low;M;5;4402;0
3999;A;Ship;3;3;256;3;medium;M;8;4070;0
4000;B;Ship;3;4;134;3;high;F;6;5680;0
4001;C;Ship;4;5;160;6;low;F;4;4684;1
4002;F;Ship;2;3;205;3;low;M;1;5137;0
4003;D;Ship;4;1;202;3;low;M;4;4029;0
4004;F;Ship;2;2;158;3;medium;F;2;4153;0
4005;A;Ship;4;3;233;3;medium;M;4;5259;0
4006;B;Ship;3;3;163;2;high;F;10;5364;1
4007;C;Ship;4;4;202;4;medium;M;4;4053;0
4008;F;Ship;5;2;229;3;low;M;1;5189;1
4009;D;Ship;5;4;120;4;high;M;1;4183;0
4010;F;Ship;5;1;185;2;medium;F;10;5973;1
4011;A;Ship;2;5;154;3;medium;F;1;4377;0
4012;B;Ship;2;4;238;3;medium;M;4;5782;1
4013;C;Ship;4;2;179;3;low;M;3;5284;0
4014;F;Ship;4;5;237;2;medium;F;10;4963;0
4015;D;Ship;4;1;234;3;low;F;8;4996;0
4016;F;Ship;2;5;116;3;low;F;1;4091;1
4017;A;Ship;4;5;157;4;low;F;8;4344;1
4018;B;Ship;4;2;151;3;medium;M;8;4390;1
4019;C;Ship;3;5;160;3;medium;F;1;5062;0
4020;F;Ship;3;5;226;3;low;M;8;5203;1
4021;D;Ship;2;5;254;3;low;M;6;5684;0
4022;F;Ship;3;5;194;3;low;M;8;5726;1
4023;A;Ship;5;5;194;4;medium;F;4;4003;0
4024;B;Ship;3;4;175;3;low;M;6;5503;0
4025;C;Ship;4;1;228;2;medium;F;9;4091;0
4026;F;Ship;3;3;240;3;low;F;4;5056;1
4027;D;Ship;2;1;166;3;medium;F;8;4255;1
4028;F;Ship;4;5;249;2;medium;F;10;4562;0
4029;A;Ship;4;1;261;3;medium;M;7;4314;1
4030;B;Ship;4;1;209;2;low;F;10;5066;0
4031;C;Ship;3;2;154;2;medium;M;4;5864;0
4032;F;Ship;6;5;98;3;low;F;8;5946;0
4033;D;Ship;3;5;193;3;medium;M;2;4784;0
4034;F;Ship;3;5;169;3;low;F;6;5397;0
4035;A;Ship;5;4;227;2;medium;M;3;5904;0
4036;B;Ship;3;3;150;2;medium;M;6;4170;1
4037;C;Ship;5;4;260;6;medium;M;8;5440;1
4038;F;Ship;5;5;243;6;medium;F;9;4587;0
4039;D;Ship;2;4;271;8;medium;F;10;4183;0
4040;F;Ship;4;3;129;6;medium;F;5;5626;0
4041;A;Ship;3;2;228;3;medium;F;4;4208;0
4042;B;Ship;5;5;243;2;low;M;9;4669;1
4043;C;Ship;2;3;187;3;medium;F;6;5547;0
4044;F;Ship;3;3;185;3;medium;F;10;4387;0
4045;D;Ship;2;1;228;3;high;F;1;5500;1
4046;F;Ship;5;1;248;8;low;F;2;4023;1
4047;A;Ship;4;5;233;4;low;F;6;4652;0
4048;B;Ship;4;3;151;3;medium;F;8;4025;1
4049;C;Ship;5;2;160;3;high;M;3;4599;0
4050;F;Ship;3;5;265;3;medium;M;4;4268;1
4051;D;Ship;3;3;229;7;high;F;4;5075;1
4052;F;Ship;6;3;144;7;high;F;8;5646;1
4053;A;Ship;3;5;172;10;high;F;1;4929;1
4054;B;Ship;3;5;273;10;medium;F;5;4608;0
4055;C;Ship;3;3;182;4;low;M;7;1869;1
4056;F;Ship;4;3;164;2;low;F;3;1376;0
4057;D;Ship;3;1;240;3;low;F;4;5484;1
4058;F;Ship;2;1;166;3;medium;M;6;4280;0
4059;A;Ship;4;2;249;2;medium;F;7;5876;1
4060;B;Ship;4;3;261;3;medium;M;1;4590;0
4061;C;Ship;4;5;209;2;low;F;8;4047;0
4062;F;Ship;3;5;154;2;medium;M;6;4744;0
4063;D;Ship;6;3;98;3;low;F;8;4651;1
4064;F;Ship;3;5;193;3;medium;F;9;4982;0
4065;A;Ship;3;1;169;3;low;F;6;4081;1
4066;B;Ship;5;4;227;2;medium;M;10;4734;0
4067;C;Ship;3;5;150;2;medium;M;10;5944;0
4068;F;Ship;5;3;260;6;medium;F;10;4986;0
4069;D;Ship;5;4;243;6;medium;F;1;4170;1
4070;F;Ship;2;1;271;8;medium;F;5;4924;0
4071;A;Ship;4;4;129;6;medium;F;7;4873;1
4072;B;Ship;3;3;228;3;medium;F;8;4927;0
4073;C;Ship;5;3;243;2;low;F;9;4828;1
4074;F;Ship;2;1;187;3;medium;F;3;5922;0
4075;D;Ship;3;3;185;3;medium;M;4;4111;1
4076;F;Ship;2;3;228;3;high;M;5;4663;0
4077;A;Ship;5;2;248;8;low;F;10;4583;0
4078;B;Ship;4;5;233;4;low;F;6;4705;1
4079;C;Ship;4;5;151;3;medium;F;10;5275;0
4080;F;Ship;5;4;160;3;high;M;2;5876;0
4081;D;Ship;3;4;265;3;medium;F;7;5113;0
4082;F;Ship;3;2;229;7;high;M;3;5584;0
4083;A;Ship;6;2;144;7;high;M;1;5501;0
4084;B;Road;3;4;172;10;high;M;9;4883;0
4085;C;Road;3;3;273;10;medium;F;10;5574;1
4086;F;Road;3;5;182;4;low;M;6;1272;1
4087;D;Road;4;4;164;2;low;F;9;1949;1
4088;F;Road;3;5;268;2;medium;M;5;1707;0
4089;A;Road;3;3;218;4;medium;F;4;1678;1
4090;B;Road;5;3;236;2;medium;M;6;1329;1
4091;C;Road;3;4;188;4;low;M;2;1059;1
4092;F;Road;4;2;277;5;medium;F;8;1335;0
4093;D;Road;6;1;127;3;low;F;8;5976;1
4094;F;Road;5;1;143;3;low;M;5;5146;1
4095;A;Road;6;1;192;6;medium;M;7;4014;1
4096;B;Road;4;2;239;2;medium;F;9;4360;0
4097;C;Road;3;5;215;3;low;M;4;4828;1
4098;F;Road;6;1;139;5;medium;M;1;4243;0
4099;D;Road;3;2;250;3;medium;F;4;5361;0
4100;F;Road;3;1;187;3;medium;F;1;5541;0
4101;A;Road;2;1;151;3;low;F;5;5982;1
4102;B;Road;3;5;181;3;medium;M;9;4191;0
4103;C;Road;4;4;170;5;low;M;5;4823;1
4104;F;Road;4;3;139;3;low;F;1;4986;0
4105;D;Road;4;4;186;2;low;F;1;4519;0
4106;F;Flight;3;2;273;3;medium;F;2;4948;0
4107;A;Flight;6;1;274;5;low;F;8;4292;1
4108;B;Flight;3;5;108;2;low;F;10;5559;1
4109;C;Flight;3;5;132;3;medium;F;4;4212;0
4110;F;Flight;4;1;223;3;medium;F;4;4972;1
4111;D;Flight;3;2;240;3;medium;M;2;4804;0
4112;F;Flight;3;5;106;2;low;F;3;5615;0
4113;A;Flight;5;4;143;5;medium;F;5;4393;1
4114;B;Flight;5;1;238;2;medium;M;5;5441;1
4115;C;Flight;2;1;156;3;medium;M;3;5937;0
4116;F;Flight;4;2;203;3;low;F;9;5296;1
4117;D;Flight;3;4;259;4;medium;F;5;4564;1
4118;F;Flight;4;4;225;3;low;M;10;4486;0
4119;A;Flight;4;5;154;3;medium;F;9;5208;0
4120;B;Flight;5;2;227;3;medium;M;2;4058;1
4121;C;Flight;4;3;208;2;medium;F;1;5826;0
4122;F;Flight;5;3;255;3;medium;F;8;5983;0
4123;D;Flight;4;1;218;2;low;M;7;4597;0
4124;F;Flight;3;5;184;3;medium;M;1;4161;0
4125;A;Flight;4;1;233;2;low;M;7;4403;1
4126;B;Flight;3;5;230;4;medium;F;2;5916;1
4127;C;Flight;4;3;249;3;low;M;5;5017;1
4128;F;Ship;5;2;176;4;low;M;2;4893;0
4129;D;Ship;4;2;272;4;low;M;3;5566;0
4130;F;Ship;4;4;192;2;low;M;7;4151;0
4131;A;Ship;6;3;100;4;low;M;3;5756;0
4132;B;Ship;2;1;271;6;low;F;2;4237;1
4133;C;Ship;4;5;165;3;high;M;5;4735;0
4134;F;Ship;3;4;124;4;medium;F;10;5011;0
4135;D;Ship;4;1;193;4;low;F;4;4796;0
4136;F;Ship;3;2;156;3;medium;M;2;4681;0
4137;A;Ship;5;3;170;3;medium;M;10;4198;0
4138;B;Ship;2;3;243;5;medium;M;5;4750;1
4139;C;Ship;3;4;163;2;low;F;7;5720;0
4140;F;Ship;4;3;201;2;low;F;4;4955;1
4141;D;Ship;3;5;232;3;low;M;10;5333;0
4142;F;Ship;3;3;214;3;medium;F;2;4964;1
4143;A;Ship;3;1;149;2;medium;F;7;4147;1
4144;B;Ship;3;4;122;3;high;F;10;4880;0
4145;C;Ship;3;3;253;4;low;M;2;5040;1
4146;F;Ship;2;5;123;4;medium;M;8;4042;0
4147;D;Ship;4;3;261;3;medium;F;2;4028;0
4148;F;Ship;5;1;235;3;low;F;7;5061;0
4149;A;Ship;2;3;141;4;medium;M;8;4702;0
4150;B;Ship;3;1;241;2;low;M;8;5602;1
4151;C;Ship;4;1;253;2;low;F;9;4299;0
4152;F;Ship;4;4;177;2;low;F;6;5116;0
4153;D;Ship;5;4;160;3;high;M;10;5527;0
4154;F;Ship;3;4;134;3;low;F;9;4436;0
4155;A;Ship;5;2;258;2;medium;F;4;5965;0
4156;B;Ship;5;3;188;2;low;M;6;4840;0
4157;C;Ship;5;2;270;3;medium;F;5;5950;1
4158;F;Ship;3;1;243;2;medium;M;10;5460;0
4159;D;Ship;2;4;100;4;low;M;3;5398;0
4160;F;Ship;3;3;134;4;medium;M;7;5370;1
4161;A;Ship;4;2;255;3;medium;M;3;4562;1
4162;B;Ship;3;3;260;2;low;M;8;5382;0
4163;C;Ship;5;5;265;3;low;M;6;4423;1
4164;F;Ship;2;5;221;3;low;M;2;5847;0
4165;D;Ship;5;4;157;4;low;M;9;4840;0
4166;F;Ship;4;3;222;3;low;F;8;4861;0
4167;A;Ship;5;2;179;3;low;M;7;5496;0
4168;B;Ship;3;2;231;3;low;F;5;5046;0
4169;C;Ship;3;5;228;2;low;M;6;5893;0
4170;F;Ship;2;5;264;2;low;M;9;5898;1
4171;D;Ship;4;3;170;3;medium;F;2;5330;1
4172;F;Ship;3;2;159;2;medium;F;3;4876;0
4173;A;Ship;3;3;166;3;high;M;6;5089;1
4174;B;Ship;3;2;234;2;medium;M;8;4012;1
4175;C;Ship;6;1;215;5;medium;F;5;4362;0
4176;F;Ship;3;2;179;2;high;F;8;5589;0
4177;D;Ship;3;3;180;3;medium;M;8;5953;1
4178;F;Ship;4;5;149;3;low;M;9;4953;1
4179;A;Ship;3;2;150;3;low;M;1;5825;0
4180;B;Ship;4;1;155;3;low;F;4;5666;0
4181;C;Ship;4;5;199;2;medium;M;4;4762;0
4182;F;Ship;4;5;169;2;low;F;10;4248;0
4183;D;Ship;6;4;276;6;low;F;8;5037;0
4184;F;Ship;4;3;257;3;low;F;1;5843;0
4185;A;Ship;4;3;153;2;medium;M;1;4366;1
4186;B;Ship;5;5;228;4;low;M;6;4946;1
4187;C;Ship;4;4;133;2;medium;F;4;4724;0
4188;F;Ship;4;4;206;3;medium;F;10;4262;0
4189;D;Ship;4;5;263;5;low;M;9;5731;1
4190;F;Ship;4;1;190;2;medium;F;4;4501;0
4191;A;Ship;4;5;175;2;medium;M;4;4910;1
4192;B;Ship;3;3;272;3;low;M;2;4059;1
4193;C;Ship;4;1;111;4;medium;M;10;4711;0
4194;F;Ship;5;2;233;3;low;F;5;5756;1
4195;D;Ship;5;5;235;3;low;F;4;5325;0
4196;F;Ship;3;2;255;4;medium;M;5;4415;0
4197;A;Ship;4;3;216;2;low;F;6;4005;0
4198;B;Ship;4;4;266;3;medium;F;5;4641;0
4199;C;Ship;4;3;200;4;medium;F;7;4953;1
4200;F;Ship;3;3;194;3;medium;F;6;5721;1
4201;D;Ship;4;2;220;3;low;M;3;5020;0
4202;F;Ship;4;4;270;2;low;F;1;5148;1
4203;A;Ship;3;2;168;3;medium;M;2;4231;0
4204;B;Ship;4;5;172;4;medium;M;8;5900;1
4205;C;Ship;4;5;168;3;high;F;4;4759;1
4206;F;Ship;5;2;243;3;low;M;4;5415;0
4207;D;Ship;3;3;181;3;low;F;1;5094;1
4208;F;Ship;3;5;167;2;low;F;2;4141;0
4209;A;Ship;4;2;224;3;low;F;3;5967;0
4210;B;Ship;5;4;252;3;medium;M;6;5221;0
4211;C;Ship;4;3;266;3;medium;M;8;4493;0
4212;F;Ship;4;3;144;2;low;F;5;4882;0
4213;D;Ship;3;5;222;3;low;M;4;5149;0
4214;F;Ship;4;4;199;3;low;M;10;5002;1
4215;A;Ship;3;1;214;3;medium;F;2;4958;0
4216;B;Ship;3;1;258;3;medium;F;2;5828;1
4217;C;Ship;3;5;194;4;low;M;1;5534;0
4218;F;Ship;5;2;201;3;low;M;2;5132;1
4219;D;Ship;3;5;243;3;medium;F;5;4383;0
4220;F;Ship;5;4;264;3;medium;M;2;5716;0
4221;A;Road;4;5;204;3;medium;F;4;5476;0
4222;B;Road;3;2;239;2;low;F;3;5099;1
4223;C;Road;5;4;168;4;medium;M;5;5580;0
4224;F;Road;5;4;229;2;medium;F;10;5001;0
4225;D;Road;2;4;246;2;medium;M;1;5374;1
4226;F;Road;4;4;217;2;low;M;6;4029;1
4227;A;Road;4;1;166;2;low;F;6;5737;0
4228;B;Road;4;3;159;2;high;M;3;5731;1
4229;C;Road;6;5;220;3;medium;M;1;5508;0
4230;F;Road;5;4;172;4;medium;F;10;4659;1
4231;D;Road;3;2;262;3;medium;M;2;5910;1
4232;F;Road;4;5;194;2;low;F;1;5300;1
4233;A;Road;3;1;232;2;medium;M;10;4719;0
4234;B;Road;4;5;259;3;medium;M;3;4741;1
4235;C;Road;4;3;259;3;low;F;1;4914;1
4236;F;Road;4;5;246;3;low;M;10;4616;1
4237;D;Road;3;4;247;2;medium;F;2;5016;1
4238;F;Road;2;1;137;3;low;M;1;4539;0
4239;A;Road;2;5;273;2;high;M;5;4236;0
4240;B;Road;5;2;152;3;high;F;5;5502;1
4241;C;Road;3;1;235;4;high;M;7;4833;1
4242;F;Road;4;2;212;3;low;F;3;4555;0
4243;D;Flight;5;4;286;5;low;F;3;5208;0
4244;F;Flight;4;2;151;2;medium;M;6;4987;0
4245;A;Flight;3;3;204;3;low;M;6;5296;1
4246;B;Flight;3;1;191;3;low;M;1;4705;0
4247;C;Flight;3;4;221;3;low;F;1;4518;1
4248;F;Flight;3;5;161;3;low;M;2;4475;0
4249;D;Flight;4;1;183;4;low;M;9;5157;0
4250;F;Flight;4;3;243;2;low;F;6;5892;0
4251;A;Flight;5;4;194;5;low;M;8;4038;1
4252;B;Flight;4;2;266;3;medium;M;4;4197;1
4253;C;Flight;4;3;249;4;medium;M;10;4933;0
4254;F;Flight;5;5;133;2;low;F;10;4398;0
4255;D;Flight;4;3;244;4;low;M;10;4118;1
4256;F;Flight;4;3;235;3;medium;F;6;4832;1
4257;A;Flight;3;1;166;2;low;F;10;5932;1
4258;B;Flight;4;2;239;2;low;F;10;4028;0
4259;C;Flight;4;4;141;3;low;M;7;4683;0
4260;F;Flight;2;5;168;2;low;F;1;4831;0
4261;D;Flight;4;2;203;3;low;F;4;5699;0
4262;F;Flight;5;1;171;4;medium;F;9;4418;1
4263;A;Flight;3;4;120;4;high;M;10;5537;0
4264;B;Flight;4;1;240;4;low;F;6;4811;0
4265;C;Ship;5;4;178;6;medium;M;10;5197;0
4266;F;Ship;3;4;237;3;high;F;9;5514;1
4267;D;Ship;3;2;169;3;low;F;3;5673;0
4268;F;Ship;4;1;169;4;low;F;10;4245;0
4269;A;Ship;4;4;201;2;medium;F;8;5790;0
4270;B;Ship;4;2;249;4;medium;M;4;5418;1
4271;C;Ship;5;3;101;5;medium;F;1;4014;1
4272;F;Ship;3;1;140;3;low;M;6;4488;1
4273;D;Ship;3;2;214;3;medium;M;1;5362;0
4274;F;Ship;5;2;196;3;medium;F;6;4257;0
4275;A;Ship;3;2;204;2;high;M;7;5961;0
4276;B;Ship;4;4;159;3;low;M;9;4265;1
4277;C;Ship;4;3;175;4;medium;F;4;5685;0
4278;F;Ship;4;1;163;2;low;F;3;4099;1
4279;D;Ship;6;2;271;10;medium;F;2;4145;0
4280;F;Ship;4;3;191;3;medium;M;1;4219;0
4281;A;Ship;4;5;135;3;medium;F;5;4515;0
4282;B;Ship;4;2;224;3;medium;F;3;4511;0
4283;C;Ship;3;1;142;2;low;F;5;4728;0
4284;F;Ship;6;1;246;6;low;F;9;5466;1
4285;D;Ship;5;5;165;4;medium;F;3;4242;0
4286;F;Ship;3;3;150;4;medium;F;8;4357;1
4287;A;Ship;3;5;170;7;low;F;7;4373;1
4288;B;Ship;2;3;147;3;low;F;5;5013;0
4289;C;Ship;4;2;151;3;medium;M;10;5698;0
4290;F;Ship;3;3;259;8;high;F;6;5939;0
4291;D;Ship;4;4;211;4;medium;M;8;4747;1
4292;F;Ship;4;1;249;10;medium;M;7;5580;1
4293;A;Ship;3;2;133;3;medium;M;1;5026;1
4294;B;Ship;4;2;258;3;high;M;10;4643;1
4295;C;Ship;3;4;253;3;high;F;8;5857;0
4296;F;Ship;6;5;185;3;high;F;1;5399;1
4297;D;Ship;3;4;268;2;medium;F;4;1442;1
4298;F;Ship;3;3;218;4;medium;M;8;1883;0
4299;A;Ship;3;5;140;3;low;M;9;4733;0
4300;B;Ship;3;3;214;3;medium;F;9;5856;0
4301;C;Ship;5;4;196;3;medium;M;2;5427;1
4302;F;Ship;3;2;204;2;high;F;2;5526;0
4303;D;Ship;4;1;159;3;low;M;4;4574;0
4304;F;Ship;4;3;175;4;medium;F;5;5177;1
4305;A;Ship;4;4;163;2;low;F;9;4720;0
4306;B;Ship;6;1;271;10;medium;M;5;5459;0
4307;C;Ship;4;3;191;3;medium;F;6;4563;0
4308;F;Ship;4;5;135;3;medium;F;6;5266;1
4309;D;Ship;4;3;224;3;medium;F;9;5283;1
4310;F;Ship;3;5;142;2;low;F;8;4914;0
4311;A;Ship;6;2;246;6;low;F;1;4846;0
4312;B;Ship;5;4;165;4;medium;M;7;5091;1
4313;C;Ship;3;5;150;4;medium;F;8;4433;0
4314;F;Ship;3;4;170;7;low;M;7;4957;1
4315;D;Ship;2;1;147;3;low;M;3;4120;1
4316;F;Ship;4;3;151;3;medium;F;6;5379;1
4317;A;Ship;3;2;259;8;high;M;3;4390;1
4318;B;Ship;4;5;211;4;medium;F;10;4004;0
4319;C;Ship;4;4;249;10;medium;F;2;4190;0
4320;F;Ship;3;5;133;3;medium;F;4;5902;0
4321;D;Ship;4;3;258;3;high;F;1;4653;0
4322;F;Ship;3;3;253;3;high;M;1;4263;1
4323;A;Ship;6;1;185;3;high;F;8;4806;0
4324;B;Ship;3;4;268;2;medium;M;8;1991;1
4325;C;Ship;4;1;277;5;medium;M;3;1527;1
4326;F;Ship;2;3;157;4;low;M;3;1203;1
4327;D;Ship;5;4;132;6;low;F;8;1327;1
4328;F;Ship;5;3;104;4;low;M;3;4885;1
4329;A;Ship;3;4;213;2;medium;F;6;5374;1
4330;B;Ship;5;2;172;2;high;F;1;5112;0
4331;C;Ship;5;2;168;4;low;M;10;5373;1
4332;F;Ship;5;5;192;3;medium;M;3;4015;1
4333;D;Ship;4;1;189;2;low;M;10;4646;0
4334;F;Ship;5;4;255;6;low;M;3;4638;0
4335;A;Ship;5;2;152;3;low;F;2;4172;0
4336;B;Ship;4;3;171;5;low;F;2;5242;1
4337;C;Ship;4;3;177;3;medium;F;4;4551;0
4338;F;Ship;3;2;160;3;low;F;4;4683;0
4339;D;Ship;4;4;233;4;low;M;3;5849;1
4340;F;Ship;3;2;216;3;low;F;10;4083;0
4341;A;Ship;5;3;222;3;low;F;6;4744;1
4342;B;Ship;5;3;260;2;low;M;10;5633;0
4343;C;Ship;5;1;239;2;low;M;5;5759;1
4344;F;Ship;4;4;204;2;medium;F;9;4462;0
4345;D;Ship;3;3;116;5;low;F;6;4524;0
4346;F;Ship;4;3;245;3;low;M;8;4826;0
4347;A;Ship;4;4;280;5;low;F;3;5034;0
4348;B;Ship;3;5;155;4;low;M;6;5386;0
4349;C;Ship;3;2;139;5;low;M;8;4595;0
4350;F;Ship;5;4;237;3;high;M;9;5401;0
4351;D;Ship;2;5;211;4;low;M;1;5673;0
4352;F;Ship;3;4;220;3;medium;F;5;5078;0
4353;A;Ship;5;1;134;2;low;M;8;5646;0
4354;B;Ship;3;2;208;2;low;F;7;4582;1
4355;C;Ship;5;3;198;4;medium;M;2;5316;0
4356;F;Ship;5;1;277;4;low;M;2;5496;0
4357;D;Ship;4;3;144;3;low;M;1;5881;0
4358;F;Road;5;1;201;3;low;M;4;5166;1
4359;A;Road;3;1;201;4;medium;F;9;5721;1
4360;B;Road;5;1;236;2;low;F;2;4987;1
4361;C;Road;4;5;142;2;low;M;2;5150;1
4362;F;Road;5;1;172;5;medium;F;1;4730;0
4363;D;Road;4;3;217;2;medium;F;2;5442;0
4364;F;Road;4;2;231;3;high;M;3;5112;0
4365;A;Road;3;1;200;2;low;F;5;4884;0
4366;B;Road;5;2;260;6;high;M;10;4087;1
4367;C;Road;2;5;216;3;medium;F;2;5098;0
4368;F;Road;5;1;215;2;low;M;3;4700;0
4369;D;Road;5;3;217;3;low;M;6;4934;1
4370;F;Road;3;5;244;3;low;M;3;4652;1
4371;A;Road;4;2;221;3;low;M;10;5632;0
4372;B;Road;4;1;207;2;medium;M;4;4099;0
4373;C;Road;3;3;190;3;medium;M;2;4468;1
4374;F;Road;3;5;199;4;low;M;7;4520;0
4375;D;Road;6;1;246;3;medium;M;7;4733;1
4376;F;Road;3;5;195;3;medium;F;10;5585;0
4377;A;Road;3;2;244;3;medium;M;10;4636;1
4378;B;Road;2;2;158;3;high;F;1;4149;0
4379;C;Road;4;2;254;4;low;F;4;5137;1
4380;F;Flight;3;1;236;2;medium;F;8;5591;0
4381;D;Flight;5;1;255;4;medium;M;9;4881;1
4382;F;Flight;3;1;224;2;low;M;9;4007;1
4383;A;Flight;2;2;204;4;high;M;5;5382;0
4384;B;Flight;3;3;150;2;medium;M;3;5836;0
4385;C;Flight;3;3;134;2;high;M;1;5646;0
4386;F;Flight;3;3;157;4;low;M;7;5974;1
4387;D;Flight;3;2;257;2;medium;F;1;4132;1
4388;F;Flight;5;2;165;3;medium;F;10;5598;0
4389;A;Flight;5;4;175;4;low;M;4;4505;0
4390;B;Flight;3;3;201;2;medium;F;8;5032;1
4391;C;Flight;3;3;175;2;medium;M;2;4814;0
4392;F;Flight;4;2;185;5;low;M;7;4694;1
4393;D;Flight;4;3;202;3;low;M;7;5678;1
4394;F;Flight;3;4;270;2;low;M;4;4681;0
4395;A;Flight;5;3;175;3;low;M;7;4833;1
4396;B;Flight;4;3;149;3;medium;F;3;4781;1
4397;C;Flight;3;1;223;3;medium;F;4;4495;1
4398;F;Flight;5;2;143;4;low;F;10;5400;0
4399;D;Flight;3;3;203;3;medium;M;7;4977;1
4400;F;Flight;4;4;165;6;low;F;5;4640;1
4401;A;Flight;4;3;255;6;low;M;3;4278;1
4402;B;Ship;4;3;218;2;low;F;7;4423;0
4403;C;Ship;4;2;193;2;medium;F;1;5909;0
4404;F;Ship;5;3;187;3;low;F;3;4343;0
4405;D;Ship;3;4;246;3;low;M;1;4020;1
4406;F;Ship;3;2;237;3;medium;F;10;5851;0
4407;A;Ship;3;3;269;3;medium;M;5;4197;1
4408;B;Ship;3;5;107;5;low;F;4;5624;0
4409;C;Ship;3;3;147;3;low;M;4;5805;0
4410;F;Ship;3;4;111;5;medium;F;1;4102;0
4411;D;Ship;3;5;197;3;medium;F;2;4018;1
4412;F;Ship;3;4;257;4;low;M;9;4537;0
4413;A;Ship;5;4;269;2;medium;F;2;5276;0
4414;B;Ship;3;2;224;2;medium;F;3;4405;0
4415;C;Ship;3;3;262;2;medium;F;10;5032;0
4416;F;Ship;5;3;181;3;high;M;7;5675;1
4417;D;Ship;3;5;159;3;medium;M;9;4555;0
4418;F;Ship;3;2;207;2;low;M;9;4671;0
4419;A;Ship;3;1;238;3;medium;F;5;4399;1
4420;B;Ship;2;3;239;3;high;M;1;5910;0
4421;C;Ship;4;5;206;2;low;F;10;4264;1
4422;F;Ship;4;1;159;4;low;M;5;5420;1
4423;D;Ship;3;4;207;2;medium;M;10;4706;0
4424;F;Ship;4;3;262;2;low;M;10;5524;1
4425;A;Ship;3;3;251;2;low;M;3;5168;0
4426;B;Ship;5;5;188;3;low;F;7;4485;1
4427;C;Ship;5;3;254;2;low;F;4;5014;0
4428;F;Ship;4;1;234;3;high;M;10;4375;0
4429;D;Ship;3;5;246;3;medium;F;2;5653;1
4430;F;Ship;4;2;158;3;low;M;3;4527;0
4431;A;Ship;4;1;220;3;medium;M;4;4314;0
4432;B;Ship;4;2;257;3;medium;M;8;5045;1
4433;C;Ship;4;4;143;2;medium;F;3;5630;1
4434;F;Ship;4;5;163;3;high;M;4;5863;0
4435;D;Ship;3;3;171;4;low;M;8;4502;0
4436;F;Ship;3;3;261;4;medium;F;7;4542;1
4437;A;Ship;3;4;212;3;medium;M;10;4663;0
4438;B;Ship;3;4;176;2;low;F;10;4920;0
4439;C;Ship;4;1;257;4;low;M;5;5875;1
4440;F;Ship;4;4;133;2;low;F;10;4768;1
4441;D;Ship;3;2;153;3;medium;F;3;5251;0
4442;F;Ship;6;4;218;6;medium;M;1;4625;1
4443;A;Ship;4;5;164;2;low;F;9;5453;0
4444;B;Ship;3;2;256;2;medium;F;9;4228;1
4445;C;Ship;2;2;150;2;medium;F;9;4917;1
4446;F;Ship;2;4;107;4;high;F;4;4451;1
4447;D;Ship;6;3;219;4;medium;M;6;4885;1
4448;F;Ship;6;1;237;5;high;M;2;5364;0
4449;A;Ship;5;1;246;2;low;F;4;5461;0
4450;B;Ship;4;3;198;3;medium;F;1;5846;1
4451;C;Ship;4;4;176;6;high;M;5;4494;1
4452;F;Ship;5;2;168;2;high;F;3;4928;0
4453;D;Ship;5;2;173;4;medium;M;4;5363;0
4454;F;Ship;4;4;106;2;low;F;10;5173;1
4455;A;Ship;3;1;171;2;medium;F;7;4010;1
4456;B;Ship;5;1;224;2;medium;M;4;5063;0
4457;C;Ship;4;2;216;4;medium;M;3;4887;1
4458;F;Ship;3;3;174;3;medium;F;2;4221;0
4459;D;Ship;4;4;261;6;medium;F;10;4596;1
4460;F;Ship;4;3;229;3;low;F;3;5027;0
4461;A;Ship;4;5;214;3;high;M;6;5646;0
4462;B;Ship;4;5;199;5;medium;M;8;5669;1
4463;C;Ship;5;4;182;3;medium;F;7;5677;1
4464;F;Ship;4;1;152;3;low;M;4;5299;0
4465;D;Ship;4;5;258;2;medium;M;6;5062;1
4466;F;Ship;6;2;182;3;low;M;7;4371;1
4467;A;Ship;2;4;166;3;low;M;8;4968;1
4468;B;Ship;2;3;176;3;low;F;6;5006;0
4469;C;Ship;3;1;193;3;medium;M;3;5154;0
4470;F;Ship;4;4;135;2;low;F;10;4508;1
4471;D;Ship;6;5;213;4;medium;F;3;5549;0
4472;F;Ship;5;5;168;3;low;F;6;4088;1
4473;A;Ship;3;3;264;3;medium;F;6;4247;1
4474;B;Ship;3;1;173;2;low;M;10;4115;1
4475;C;Ship;6;3;142;2;low;F;9;5360;1
4476;F;Ship;2;2;278;2;medium;F;9;4318;0
4477;D;Ship;3;3;197;2;medium;M;10;5255;0
4478;F;Ship;5;4;226;2;low;M;6;4547;0
4479;A;Ship;3;2;197;5;medium;F;9;4291;1
4480;B;Ship;4;5;189;2;medium;M;6;5439;1
4481;C;Ship;2;1;210;2;medium;F;6;5250;0
4482;F;Ship;5;2;149;2;medium;F;8;5396;0
4483;D;Ship;5;4;171;5;medium;M;1;5749;0
4484;F;Ship;5;3;243;3;medium;F;10;4524;1
4485;A;Ship;4;5;171;4;low;F;4;5265;0
4486;B;Ship;5;3;215;4;low;M;5;5915;1
4487;C;Ship;3;4;174;3;medium;F;4;4051;0
4488;F;Ship;6;4;210;5;medium;M;2;4651;0
4489;D;Ship;4;4;135;2;low;F;4;5112;0
4490;F;Ship;3;2;134;3;low;M;6;4778;1
4491;A;Ship;2;5;166;4;medium;F;3;4638;0
4492;B;Ship;5;1;174;3;low;M;10;4008;0
4493;C;Ship;4;4;252;4;medium;F;4;4832;0
4494;F;Ship;5;2;219;4;low;F;7;4787;1
4495;D;Road;4;5;244;2;medium;F;7;5325;1
4496;F;Road;5;5;132;3;low;M;5;4195;1
4497;A;Road;4;2;223;4;low;M;2;5709;0
4498;B;Road;3;4;260;4;low;F;10;4109;0
4499;C;Road;3;4;269;2;medium;M;6;5951;0
4500;F;Road;3;5;170;3;low;F;5;5064;0
4501;D;Road;2;5;170;5;low;F;10;5621;1
4502;F;Road;4;2;173;2;medium;M;2;5327;0
4503;A;Road;4;5;148;8;medium;M;6;5700;0
4504;B;Road;3;5;174;6;medium;F;7;4608;0
4505;C;Road;6;2;263;6;low;F;4;4591;1
4506;F;Road;4;4;142;10;high;F;7;5425;1
4507;D;Road;3;3;183;3;low;M;2;4363;0
4508;F;Road;6;1;174;10;medium;F;1;5784;1
4509;A;Road;4;1;140;3;low;M;4;5210;1
4510;B;Road;6;5;154;2;high;M;7;4359;1
4511;C;Road;4;2;108;10;medium;M;5;4645;0
4512;F;Road;5;2;198;3;low;F;8;4680;0
4513;D;Road;4;2;266;3;high;M;5;4831;1
4514;F;Road;4;4;197;5;low;M;8;4793;0
4515;A;Road;3;1;219;8;low;F;1;4122;1
4516;B;Road;2;4;255;7;low;F;9;5224;1
4517;C;Flight;3;1;255;7;low;F;3;4477;0
4518;F;Flight;5;4;219;4;low;F;8;4540;0
4519;D;Flight;4;4;244;2;medium;F;7;5543;1
4520;F;Flight;5;5;132;3;low;M;3;4263;0
4521;A;Flight;4;4;223;4;low;M;3;5613;0
4522;B;Flight;3;3;260;4;low;M;8;5595;1
4523;C;Flight;3;1;269;2;medium;M;6;5703;1
4524;F;Flight;3;1;170;3;low;M;3;4454;1
4525;D;Flight;2;4;170;5;low;M;10;5448;0
4526;F;Flight;4;5;173;2;medium;F;5;4776;1
4527;A;Flight;4;1;148;8;medium;M;5;4851;1
4528;B;Flight;3;1;174;6;medium;F;4;4910;1
4529;C;Flight;6;1;263;6;low;M;10;5826;0
4530;F;Flight;4;5;142;10;high;F;5;4147;1
4531;D;Flight;3;3;183;3;low;M;4;5322;0
4532;F;Flight;6;1;174;10;medium;M;7;4287;0
4533;A;Flight;4;5;140;3;low;F;7;5383;0
4534;B;Flight;6;3;154;2;high;M;7;4732;0
4535;C;Flight;4;5;108;10;medium;F;7;5928;1
4536;F;Flight;5;3;198;3;low;F;6;5061;1
4537;D;Flight;4;2;266;3;high;M;1;5532;1
4538;F;Flight;4;3;197;5;low;F;8;4209;1
4539;A;Ship;3;1;219;8;low;M;2;5334;0
4540;B;Ship;2;4;255;7;low;M;10;5875;0
4541;C;Ship;3;2;255;7;low;F;3;5936;0
4542;F;Ship;6;2;247;4;low;F;3;1752;0
4543;D;Ship;5;1;275;4;medium;F;6;1569;0
4544;F;Ship;6;5;291;4;low;M;3;1102;1
4545;A;Ship;6;4;265;4;low;F;9;1511;0
4546;B;Ship;7;1;250;5;medium;M;8;1776;0
4547;C;Ship;7;1;291;4;low;F;9;1880;1
4548;F;Ship;6;4;255;4;low;F;3;1569;1
4549;D;Ship;6;5;290;4;medium;F;3;1463;1
4550;F;Ship;5;5;276;4;low;F;7;1742;0
4551;A;Ship;4;3;149;3;medium;F;1;1448;1
4552;B;Ship;6;2;310;4;medium;F;5;1791;1
4553;C;Ship;7;5;273;4;low;F;7;1364;0
4554;F;Ship;6;3;244;4;low;F;5;1668;1
4555;D;Ship;6;4;275;4;low;F;4;1192;1
4556;F;Ship;7;2;308;4;low;F;7;1176;0
4557;A;Ship;6;5;264;4;low;M;6;1005;0
4558;B;Ship;6;2;256;5;medium;F;2;1449;1
4559;C;Ship;5;1;252;4;medium;M;4;1837;0
4560;F;Ship;6;2;244;4;low;F;4;1245;1
4561;D;Ship;6;1;280;4;medium;M;5;1431;0
4562;F;Ship;5;3;227;4;low;F;10;1317;1
4563;A;Ship;6;4;272;4;low;F;7;1706;1
4564;B;Ship;6;2;274;4;medium;M;8;1626;1
4565;C;Ship;6;3;310;4;low;F;2;1817;0
4566;F;Ship;6;2;282;5;medium;M;5;1818;1
4567;D;Ship;6;1;247;4;medium;F;10;1783;0
4568;F;Ship;4;2;262;4;low;M;2;5311;0
4569;A;Ship;3;3;213;3;medium;M;7;4133;0
4570;B;Ship;4;5;136;3;medium;M;7;4817;1
4571;C;Ship;3;5;134;2;low;F;4;5291;0
4572;F;Ship;2;2;171;2;medium;F;6;5105;0
4573;D;Ship;3;2;182;2;low;M;10;4391;1
4574;F;Ship;4;4;185;3;medium;M;9;4469;0
4575;A;Ship;4;2;271;3;medium;F;4;5902;0
4576;B;Ship;4;1;166;5;low;F;1;5463;1
4577;C;Ship;4;2;196;2;low;M;4;5852;0
4578;F;Ship;4;4;157;4;low;M;6;4175;0
4579;D;Ship;4;4;218;2;low;M;4;4104;1
4580;F;Ship;4;3;142;3;medium;F;6;5930;0
4581;A;Ship;3;1;237;2;low;M;9;4626;1
4582;B;Ship;6;3;213;4;low;F;2;5349;0
4583;C;Ship;5;1;241;2;medium;F;3;5391;1
4584;F;Ship;2;2;170;3;high;F;7;4284;1
4585;D;Ship;3;1;156;3;medium;M;9;4278;0
4586;F;Ship;3;4;228;3;medium;F;8;5419;0
4587;A;Ship;3;1;145;3;high;F;10;4364;0
4588;B;Ship;4;1;145;3;low;M;3;5618;1
4589;C;Ship;3;4;166;3;medium;F;8;4369;1
4590;F;Ship;5;5;106;5;medium;F;4;4410;1
4591;D;Ship;5;3;210;3;high;F;4;4819;0
4592;F;Ship;2;1;235;3;medium;F;6;4411;1
4593;A;Ship;4;2;142;2;medium;F;5;4062;0
4594;B;Ship;3;4;271;3;low;F;9;4889;1
4595;C;Ship;4;5;245;3;medium;F;2;5439;1
4596;F;Ship;4;2;192;4;medium;F;2;5503;0
4597;D;Ship;5;4;270;3;medium;M;9;4992;1
4598;F;Ship;4;4;197;3;low;F;7;5099;0
4599;A;Ship;2;1;255;3;medium;F;1;5929;0
4600;B;Ship;5;3;223;2;medium;F;9;5735;0
4601;C;Ship;3;5;256;3;low;M;7;4366;1
4602;F;Ship;4;2;229;2;low;M;9;5026;0
4603;D;Ship;3;3;233;3;low;F;5;4976;1
4604;F;Ship;3;4;164;6;medium;F;4;5567;1
4605;A;Ship;3;1;171;2;medium;F;6;5704;1
4606;B;Ship;5;2;178;5;low;F;5;5167;0
4607;C;Ship;3;1;233;2;high;M;1;5073;1
4608;F;Ship;3;1;232;2;medium;F;2;5104;1
4609;D;Ship;4;2;236;3;low;F;1;4076;0
4610;F;Ship;3;2;197;3;medium;F;3;4491;0
4611;A;Ship;3;3;152;3;low;M;6;5749;1
4612;B;Ship;3;4;219;2;medium;M;7;4883;1
4613;C;Ship;4;2;205;2;low;F;10;5580;0
4614;F;Ship;3;2;142;2;low;M;7;4082;0
4615;D;Ship;6;4;112;4;medium;F;9;4005;1
4616;F;Ship;2;2;254;2;low;F;8;5827;0
4617;A;Ship;4;3;256;3;high;F;1;4323;0
4618;B;Ship;4;4;168;4;medium;F;4;4676;0
4619;C;Ship;3;4;171;3;low;F;5;5872;0
4620;F;Ship;6;5;215;4;medium;M;5;5409;1
4621;D;Ship;3;3;169;3;low;F;9;4317;1
4622;F;Ship;3;3;149;4;medium;F;3;5944;1
4623;A;Ship;4;1;223;3;low;F;9;4832;0
4624;B;Ship;5;3;224;2;low;M;6;5962;1
4625;C;Ship;2;5;186;2;medium;M;10;4506;0
4626;F;Ship;4;4;184;3;medium;F;2;5381;0
4627;D;Ship;3;1;152;3;low;F;3;5839;1
4628;F;Ship;5;3;249;2;low;F;9;4568;0
4629;A;Ship;3;3;173;5;medium;F;10;5840;0
4630;B;Ship;5;5;167;2;medium;M;2;5908;0
4631;C;Ship;5;2;230;2;medium;M;9;4483;0
4632;F;Road;5;3;237;3;low;F;8;5131;0
4633;D;Road;3;4;202;5;high;M;5;4632;0
4634;F;Road;4;3;134;4;low;M;3;5233;0
4635;A;Road;5;3;263;3;medium;F;2;4688;0
4636;B;Road;5;2;272;2;low;F;1;5412;0
4637;C;Road;4;2;231;6;low;M;8;5227;0
4638;F;Road;3;4;190;4;medium;F;7;5963;1
4639;D;Road;5;4;223;2;low;M;5;4424;1
4640;F;Road;5;1;257;3;medium;F;5;4355;0
4641;A;Road;4;4;184;3;medium;M;2;4639;0
4642;B;Road;3;5;193;3;medium;M;1;5810;1
4643;C;Road;4;3;204;2;low;F;7;4717;1
4644;F;Road;3;2;236;3;medium;M;8;5783;0
4645;D;Road;5;3;222;2;medium;M;3;4460;1
4646;F;Road;4;1;140;5;medium;M;6;4001;1
4647;A;Road;3;1;204;3;high;F;9;5093;0
4648;B;Road;3;2;271;2;medium;M;6;5280;1
4649;C;Road;3;1;108;6;medium;F;7;4024;0
4650;F;Road;4;1;206;3;low;F;4;4745;0
4651;D;Road;3;2;180;2;high;F;8;4408;0
4652;F;Road;3;2;193;3;low;F;7;5224;0
4653;A;Road;5;1;238;4;medium;M;10;4668;0
4654;B;Flight;5;3;234;3;low;F;6;4632;0
4655;C;Flight;2;5;271;2;low;F;5;5164;1
4656;F;Flight;5;2;102;5;medium;F;3;4784;0
4657;D;Flight;3;1;185;3;medium;M;7;5474;1
4658;F;Flight;4;1;273;2;high;F;10;5832;1
4659;A;Flight;6;3;233;6;low;F;9;4814;0
4660;B;Flight;5;3;191;2;medium;M;7;5783;1
4661;C;Flight;4;4;239;2;medium;M;4;4304;1
4662;F;Flight;3;3;270;3;low;M;7;4152;0
4663;D;Flight;5;2;279;4;low;F;8;4418;1
4664;F;Flight;5;1;233;4;high;M;2;4615;1
4665;A;Flight;3;3;178;4;high;M;3;4154;1
4666;B;Flight;3;4;184;4;medium;M;2;4052;0
4667;C;Flight;3;5;202;3;low;M;2;5208;0
4668;F;Flight;3;3;149;2;medium;M;3;4527;0
4669;D;Flight;5;2;133;2;high;F;2;4556;0
4670;F;Flight;4;4;224;5;low;F;9;4902;1
4671;A;Flight;4;2;252;2;medium;F;6;5414;0
4672;B;Flight;4;3;208;2;medium;M;6;4276;1
4673;C;Flight;5;3;256;2;low;M;3;4456;0
4674;F;Flight;3;5;206;4;medium;M;10;4321;1
4675;D;Flight;2;1;177;4;low;F;5;4358;0
4676;F;Ship;4;4;269;4;medium;F;3;5032;1
4677;A;Ship;3;5;216;3;high;F;2;4242;0
4678;B;Ship;3;2;221;3;high;F;7;5477;0
4679;C;Ship;5;4;210;3;medium;F;6;5102;0
4680;F;Ship;4;5;205;3;medium;F;9;4411;0
4681;D;Ship;3;3;237;3;low;F;7;4062;0
4682;F;Ship;5;4;139;2;medium;F;2;4217;1
4683;A;Ship;4;4;163;3;low;M;3;4185;1
4684;B;Ship;4;4;171;2;low;M;4;4962;0
4685;C;Ship;4;3;261;3;low;F;9;5994;1
4686;F;Ship;4;3;195;2;low;M;8;4576;0
4687;D;Ship;4;2;190;6;high;M;5;4139;1
4688;F;Ship;5;5;236;3;high;M;4;5724;1
4689;A;Ship;3;4;254;3;medium;M;6;5716;0
4690;B;Ship;3;3;157;3;medium;M;10;4877;0
4691;C;Ship;3;1;245;3;medium;F;1;5325;0
4692;F;Ship;4;1;144;4;medium;M;8;4303;0
4693;D;Ship;5;3;217;4;low;M;3;5718;1
4694;F;Ship;3;3;249;2;low;F;2;5078;0
4695;A;Ship;3;2;176;2;low;F;2;5083;0
4696;B;Ship;3;1;230;2;low;F;1;4970;1
4697;C;Ship;3;5;204;2;medium;F;5;4504;1
4698;F;Ship;4;4;266;2;low;F;5;5601;0
4699;D;Ship;4;3;213;3;low;F;2;5722;0
4700;F;Ship;3;4;147;3;low;F;8;5525;0
4701;A;Ship;3;1;201;3;low;F;3;4556;1
4702;B;Ship;2;4;248;3;low;F;5;5441;0
4703;C;Ship;4;3;167;3;medium;M;5;5791;0
4704;F;Ship;3;4;232;2;low;M;10;5678;0
4705;D;Ship;5;3;163;3;medium;M;9;4419;1
4706;F;Ship;4;4;201;5;medium;M;3;5901;1
4707;A;Ship;4;5;252;2;low;F;9;4157;0
4708;B;Ship;3;1;146;4;low;F;10;4583;0
4709;C;Ship;5;1;160;3;medium;M;3;5839;0
4710;F;Ship;5;2;167;4;low;M;10;4325;0
4711;D;Ship;4;2;224;2;medium;F;8;4781;1
4712;F;Ship;4;2;239;3;medium;F;5;5978;0
4713;A;Ship;4;1;151;6;low;M;7;4387;0
4714;B;Ship;4;5;264;3;low;F;10;5972;0
4715;C;Ship;4;2;242;3;medium;M;8;4644;1
4716;F;Ship;3;3;204;4;high;M;9;4712;0
4717;D;Ship;3;5;260;2;medium;M;1;5970;0
4718;F;Ship;3;2;279;3;medium;F;6;4560;0
4719;A;Ship;3;4;225;4;low;F;8;5209;0
4720;B;Ship;3;5;190;3;low;M;9;4468;0
4721;C;Ship;4;2;152;2;low;M;7;5026;0
4722;F;Ship;3;2;201;6;medium;M;7;4723;1
4723;D;Ship;3;2;191;2;medium;M;7;5357;0
4724;F;Ship;4;3;140;3;low;M;1;4453;0
4725;A;Ship;5;3;199;4;medium;F;8;5362;0
4726;B;Ship;4;1;194;3;medium;F;6;5282;0
4727;C;Ship;4;2;273;2;low;F;5;5608;1
4728;F;Ship;4;5;259;2;medium;F;4;4092;1
4729;D;Ship;4;3;180;3;medium;M;5;4038;1
4730;F;Ship;5;3;251;2;low;M;9;4458;0
4731;A;Ship;5;1;269;3;low;F;5;5031;0
4732;B;Ship;6;3;274;6;medium;F;2;4281;0
4733;C;Ship;5;5;250;2;medium;M;10;5475;1
4734;F;Ship;3;5;265;3;medium;F;8;5980;0
4735;D;Ship;4;3;169;10;medium;F;6;5106;1
4736;F;Ship;3;4;211;3;high;M;8;5191;1
4737;A;Ship;4;4;245;2;low;M;6;5772;0
4738;B;Ship;4;1;188;2;low;M;6;5894;1
4739;C;Ship;3;5;244;2;medium;F;10;4064;1
4740;F;Ship;3;5;233;3;medium;F;7;5787;0
4741;D;Ship;3;1;144;3;medium;F;6;4163;0
4742;F;Ship;3;5;221;2;low;F;6;5289;0
4743;A;Ship;3;5;267;2;high;M;2;5062;1
4744;B;Ship;3;1;211;3;high;F;7;5178;0
4745;C;Ship;4;1;205;3;low;F;10;4923;0
4746;F;Ship;3;2;144;3;high;M;1;5307;0
4747;D;Ship;3;3;195;7;medium;F;4;4614;0
4748;F;Ship;5;5;232;7;medium;M;6;5139;0
4749;A;Ship;5;3;199;10;medium;F;1;5865;0
4750;B;Ship;5;5;232;3;low;F;5;5338;0
4751;C;Ship;5;4;272;2;low;F;1;5983;1
4752;F;Ship;2;4;167;2;medium;M;1;4344;0
4753;D;Ship;3;4;272;8;high;F;10;4070;0
4754;F;Ship;6;2;247;4;low;M;10;1556;0
4755;A;Ship;5;5;275;4;medium;M;9;1215;1
4756;B;Ship;6;4;291;4;low;F;8;1131;0
4757;C;Ship;6;5;265;4;low;M;7;1404;1
4758;F;Ship;7;3;250;5;medium;F;4;1163;1
4759;D;Ship;7;2;291;4;low;F;8;1275;0
4760;F;Ship;6;5;255;4;low;F;9;1197;0
4761;A;Ship;6;5;290;4;medium;M;2;1867;1
4762;B;Ship;5;5;276;4;low;M;2;1411;1
4763;C;Ship;4;1;149;3;medium;F;8;1136;0
4764;F;Ship;3;3;201;6;medium;M;2;4984;0
4765;D;Ship;3;4;191;2;medium;M;8;5667;1
4766;F;Ship;4;4;140;3;low;F;4;5924;1
4767;A;Ship;5;4;199;4;medium;M;2;4902;1
4768;B;Ship;4;1;194;3;medium;F;9;5804;0
4769;C;Road;4;5;273;2;low;F;9;5724;0
4770;F;Road;4;4;259;2;medium;F;8;4672;0
4771;D;Road;4;5;180;3;medium;F;1;5088;0
4772;F;Road;5;4;251;2;low;F;3;5347;1
4773;A;Road;5;3;269;3;low;F;8;4811;0
4774;B;Road;6;3;274;6;medium;F;1;4632;0
4775;C;Road;5;2;250;2;medium;F;6;5565;0
4776;F;Road;3;3;265;3;medium;F;3;5241;0
4777;D;Road;4;5;169;10;medium;F;6;4385;0
4778;F;Road;3;3;211;3;high;F;4;4354;1
4779;A;Road;4;1;245;2;low;M;5;5324;1
4780;B;Road;4;5;188;2;low;F;4;4433;0
4781;C;Road;3;5;244;2;medium;M;8;5715;1
4782;F;Road;3;4;233;3;medium;F;10;4626;0
4783;D;Road;3;4;144;3;medium;M;8;5867;1
4784;F;Road;3;1;221;2;low;F;7;5320;0
4785;A;Road;3;5;267;2;high;M;1;4195;1
4786;B;Road;3;4;211;3;high;M;1;5144;0
4787;C;Road;4;4;205;3;low;M;6;4254;0
4788;F;Road;3;2;144;3;high;F;9;4428;1
4789;D;Road;3;4;195;7;medium;F;9;5829;0
4790;F;Road;5;3;232;7;medium;M;6;5285;1
4791;A;Flight;5;1;199;10;medium;F;8;4140;0
4792;B;Flight;5;5;232;3;low;F;3;5718;1
4793;C;Flight;5;3;272;2;low;F;4;5112;0
4794;F;Flight;2;2;167;2;medium;F;3;5894;1
4795;D;Flight;3;3;272;8;high;M;7;5257;1
4796;F;Flight;6;4;247;4;low;F;2;1326;0
4797;A;Flight;5;2;275;4;medium;F;10;1141;1
4798;B;Flight;6;5;291;4;low;M;9;1413;0
4799;C;Flight;6;1;265;4;low;F;7;1644;1
4800;F;Flight;7;2;250;5;medium;M;9;1327;0
4801;D;Flight;7;1;291;4;low;M;2;1216;1
4802;F;Flight;6;1;255;4;low;F;2;1385;0
4803;A;Flight;6;2;290;4;medium;F;9;1339;0
4804;B;Flight;6;3;247;4;medium;F;4;1476;1
4805;C;Flight;6;2;152;2;low;F;9;1993;0
4806;F;Flight;7;5;278;4;low;F;5;1572;1
4807;D;Flight;6;1;260;4;medium;F;2;1131;0
4808;F;Flight;6;3;254;4;low;M;6;1335;0
4809;A;Flight;2;4;151;4;low;F;6;1803;0
4810;B;Flight;2;5;198;2;medium;M;4;1913;1
4811;C;Flight;6;4;243;4;low;M;9;1353;1
4812;F;Flight;6;5;245;4;low;F;8;1403;0
4813;D;Ship;6;4;300;4;low;F;8;1301;1
4814;F;Ship;6;1;303;4;medium;F;10;1003;0
4815;A;Ship;7;3;286;4;low;F;3;1670;0
4816;B;Ship;7;2;248;4;medium;F;1;1163;1
4817;C;Ship;6;5;244;4;low;M;9;1789;1
4818;F;Ship;7;1;290;4;low;F;9;1885;0
4819;D;Ship;4;3;260;5;low;M;10;1832;1
4820;F;Ship;6;5;310;4;medium;M;1;1105;1
4821;A;Ship;6;3;247;4;low;M;3;1616;1
4822;B;Ship;6;5;281;4;low;M;8;1241;1
4823;C;Ship;6;3;260;4;medium;M;9;1800;0
4824;F;Ship;6;1;263;4;low;F;6;1153;0
4825;D;Ship;5;1;285;4;medium;F;10;1428;0
4826;F;Ship;3;4;269;3;medium;M;9;5133;1
4827;A;Ship;2;5;205;6;low;M;2;5671;0
4828;B;Ship;3;2;109;3;low;M;4;5746;0
4829;C;Ship;5;4;216;2;low;F;6;4535;0
4830;F;Ship;3;2;184;3;medium;F;8;4994;0
4831;D;Ship;4;4;106;2;low;M;6;5984;0
4832;F;Ship;3;1;228;2;low;F;5;4456;1
4833;A;Ship;4;5;140;3;medium;F;8;4956;0
4834;B;Ship;4;3;251;3;medium;M;5;4206;0
4835;C;Ship;3;3;153;3;medium;M;5;4578;1
4836;F;Ship;4;4;176;2;medium;F;1;5793;0
4837;D;Ship;4;3;206;2;medium;F;4;5194;1
4838;F;Ship;3;3;189;2;low;F;9;4690;0
4839;A;Ship;2;2;251;6;medium;F;1;4165;1
4840;B;Ship;4;3;155;3;low;F;1;4360;1
4841;C;Ship;6;4;260;5;medium;M;2;4687;1
4842;F;Ship;5;1;156;6;medium;F;4;4821;0
4843;D;Ship;4;2;225;2;medium;M;7;5241;1
4844;F;Ship;6;5;284;4;medium;M;8;5346;1
4845;A;Ship;5;3;263;2;low;M;3;4474;1
4846;B;Ship;3;3;238;2;medium;M;2;5512;0
4847;C;Ship;5;4;267;2;low;M;7;5292;0
4848;F;Ship;3;3;101;2;medium;M;9;4860;0
4849;D;Ship;3;1;175;3;medium;M;1;4872;0
4850;F;Ship;4;5;261;2;low;M;3;4119;0
4851;A;Ship;5;3;150;3;low;M;10;4799;1
4852;B;Ship;3;5;206;4;medium;F;2;5829;1
4853;C;Ship;4;4;254;4;low;F;10;4827;0
4854;F;Ship;4;2;159;3;low;M;5;4985;1
4855;D;Ship;2;5;284;3;medium;M;6;4575;0
